/*
 Navicat MySQL Data Transfer

 Source Server         : student
 Source Server Type    : MySQL
 Source Server Version : 50728
 Source Host           : localhost:3306
 Source Schema         : db_news

 Target Server Type    : MySQL
 Target Server Version : 50728
 File Encoding         : 65001

 Date: 26/12/2019 19:58:38
*/

SET NAMES utf8mb4;
SET FOREIGN_KEY_CHECKS = 0;

-- ----------------------------
-- Table structure for t_comment
-- ----------------------------
DROP TABLE IF EXISTS `t_comment`;
CREATE TABLE `t_comment`  (
  `commentId` int(11) NOT NULL AUTO_INCREMENT,
  `newsId` int(11) NULL DEFAULT NULL,
  `content` varchar(200) CHARACTER SET utf8 COLLATE utf8_general_ci NULL DEFAULT NULL,
  `userIP` varchar(40) CHARACTER SET utf8 COLLATE utf8_general_ci NULL DEFAULT NULL,
  `commentDate` datetime(0) NULL DEFAULT NULL,
  PRIMARY KEY (`commentId`) USING BTREE
) ENGINE = InnoDB AUTO_INCREMENT = 20 CHARACTER SET = utf8 COLLATE = utf8_general_ci ROW_FORMAT = Dynamic;

-- ----------------------------
-- Records of t_comment
-- ----------------------------
INSERT INTO `t_comment` VALUES (5, 104, '是是', '127.0.0.1', '2014-03-14 09:04:02');
INSERT INTO `t_comment` VALUES (6, 104, '是是', '127.0.0.1', '2014-03-14 09:04:19');
INSERT INTO `t_comment` VALUES (7, 104, '算法', '0:0:0:0:0:0:0:1', '2014-04-17 08:35:21');
INSERT INTO `t_comment` VALUES (8, 71, '是', '0:0:0:0:0:0:0:1', '2014-04-17 08:35:52');
INSERT INTO `t_comment` VALUES (9, 73, '的是速度', '0:0:0:0:0:0:0:1', '2014-04-17 08:36:01');
INSERT INTO `t_comment` VALUES (10, 104, 'das', '127.0.0.1', '2014-05-12 08:44:43');
INSERT INTO `t_comment` VALUES (11, 104, 'da', '127.0.0.1', '2014-05-12 08:44:45');
INSERT INTO `t_comment` VALUES (12, 104, 'dsa', '127.0.0.1', '2014-05-12 08:44:48');
INSERT INTO `t_comment` VALUES (13, 106, '1515', '0:0:0:0:0:0:0:1', '2018-04-16 16:57:05');
INSERT INTO `t_comment` VALUES (15, 73, '第三方', '0:0:0:0:0:0:0:1', '2018-04-17 09:04:55');
INSERT INTO `t_comment` VALUES (16, 108, '哈哈哈', '0:0:0:0:0:0:0:1', '2018-04-17 10:17:47');
INSERT INTO `t_comment` VALUES (17, 49, '22', '0:0:0:0:0:0:0:1', '2018-04-17 10:29:50');
INSERT INTO `t_comment` VALUES (18, 49, '22', '0:0:0:0:0:0:0:1', '2018-04-17 10:30:17');
INSERT INTO `t_comment` VALUES (19, 120, '111', '0:0:0:0:0:0:0:1', '2019-12-26 14:15:16');

-- ----------------------------
-- Table structure for t_link
-- ----------------------------
DROP TABLE IF EXISTS `t_link`;
CREATE TABLE `t_link`  (
  `linkId` int(11) NOT NULL AUTO_INCREMENT,
  `linkName` varchar(20) CHARACTER SET utf8 COLLATE utf8_general_ci NULL DEFAULT NULL,
  `linkUrl` varchar(40) CHARACTER SET utf8 COLLATE utf8_general_ci NULL DEFAULT NULL,
  `linkEmail` varchar(40) CHARACTER SET utf8 COLLATE utf8_general_ci NULL DEFAULT NULL,
  `orderNum` int(11) NULL DEFAULT NULL,
  PRIMARY KEY (`linkId`) USING BTREE
) ENGINE = InnoDB AUTO_INCREMENT = 16 CHARACTER SET = utf8 COLLATE = utf8_general_ci ROW_FORMAT = Dynamic;

-- ----------------------------
-- Records of t_link
-- ----------------------------
INSERT INTO `t_link` VALUES (2, '百度', 'http://www.baidu.com', NULL, 1);
INSERT INTO `t_link` VALUES (3, 'CSDN', 'http://www.csdn.com', NULL, 3);
INSERT INTO `t_link` VALUES (6, '校园二手市场', 'http://www.ischoolbar.com/', '猿来入此', 6);
INSERT INTO `t_link` VALUES (11, '网盘搜素', 'http://pan.muyi.so', 'pan.muyi.so', 2);
INSERT INTO `t_link` VALUES (14, '开源中国', 'http://www.oschina.net', '123@qq.com', 1);
INSERT INTO `t_link` VALUES (15, 'PHP1234', 'http://php1234.cn', 'php1234', 111);

-- ----------------------------
-- Table structure for t_lowuser
-- ----------------------------
DROP TABLE IF EXISTS `t_lowuser`;
CREATE TABLE `t_lowuser`  (
  `userid` int(11) NOT NULL AUTO_INCREMENT,
  `username` varchar(255) CHARACTER SET utf8 COLLATE utf8_general_ci NULL DEFAULT NULL,
  `password` varchar(255) CHARACTER SET utf8 COLLATE utf8_general_ci NULL DEFAULT NULL,
  `name` varchar(255) CHARACTER SET utf8 COLLATE utf8_general_ci NULL DEFAULT NULL,
  PRIMARY KEY (`userid`) USING BTREE
) ENGINE = InnoDB AUTO_INCREMENT = 81 CHARACTER SET = utf8 COLLATE = utf8_general_ci ROW_FORMAT = Dynamic;

-- ----------------------------
-- Records of t_lowuser
-- ----------------------------
INSERT INTO `t_lowuser` VALUES (1, 'Ramelon', '123456', '酷酷');
INSERT INTO `t_lowuser` VALUES (72, 'po', '123456', NULL);
INSERT INTO `t_lowuser` VALUES (80, 'tttt', '1234567', NULL);

-- ----------------------------
-- Table structure for t_news
-- ----------------------------
DROP TABLE IF EXISTS `t_news`;
CREATE TABLE `t_news`  (
  `newsId` int(11) NOT NULL AUTO_INCREMENT,
  `title` varchar(40) CHARACTER SET utf8 COLLATE utf8_general_ci NULL DEFAULT NULL,
  `content` text CHARACTER SET utf8 COLLATE utf8_general_ci NULL,
  `publishDate` datetime(0) NULL DEFAULT NULL,
  `author` varchar(20) CHARACTER SET utf8 COLLATE utf8_general_ci NULL DEFAULT NULL,
  `typeId` int(11) NULL DEFAULT NULL,
  `click` int(11) NULL DEFAULT NULL,
  `isHead` tinyint(4) NULL DEFAULT NULL,
  `isImage` tinyint(4) NULL DEFAULT NULL,
  `imageName` varchar(20) CHARACTER SET utf8 COLLATE utf8_general_ci NULL DEFAULT NULL,
  `isHot` tinyint(4) NULL DEFAULT NULL,
  PRIMARY KEY (`newsId`) USING BTREE,
  INDEX `FK_t_news`(`typeId`) USING BTREE,
  CONSTRAINT `FK_t_news` FOREIGN KEY (`typeId`) REFERENCES `t_newstype` (`newsTypeId`) ON DELETE RESTRICT ON UPDATE RESTRICT
) ENGINE = InnoDB AUTO_INCREMENT = 146 CHARACTER SET = utf8 COLLATE = utf8_general_ci ROW_FORMAT = Dynamic;

-- ----------------------------
-- Records of t_news
-- ----------------------------
INSERT INTO `t_news` VALUES (114, '《叶问4》完结：甄子丹感叹不舍 感谢恩师袁和平', '<p><br />\r\n中新网12月20日电 19日，《叶问》系列终结篇《叶问4》在北京举行首映，叶伟信、袁和平、甄子丹、吴樾、陈国坤、吴建豪等主创悉数现身。</p>\r\n\r\n<p>&nbsp;</p>\r\n\r\n<p><img alt=\"\" src=\"userImage/11.jpg\" /></p>\r\n\r\n<p>《叶问4》讲述叶问首度走出国门，将中华武术发扬光大的热血故事，为这一系列画上最圆满的句号。</p>\r\n\r\n<p>回顾《叶问》系列的诞生，甄子丹直言：&ldquo;最开始没有太多人知道叶问是谁，我们确实利用了李小龙和他之间的师徒关系，去塑造一个新的英雄形象。&rdquo;</p>\r\n\r\n<p>其实，《叶问》第三部时，甄子丹和导演叶伟信就一度想要终结这个系列。但两人在世界各地，发现不少影迷都很喜欢后，才改变了心意。</p>\r\n\r\n<p>&nbsp;</p>\r\n\r\n<p><img alt=\"\" src=\"userImage/12.jpg\" /></p>\r\n\r\n<p>于是，甄子丹和叶伟信又开始寻找新的方向，希望给&ldquo;叶问&rdquo;一个圆满的句号。甄子丹说：&ldquo;坦白说，任何系列拍到第二部就很难超越，之后的水准都是会下降的。我希望我们的第四部能够回报大家的爱，也希望大家能认同我们的心愿。&rdquo;</p>\r\n\r\n<p>当天，《叶问》系列的另一位&ldquo;幕后功臣&rdquo;袁和平也来到现场。在叶伟信看来，虽然自己是导演，但《叶问》之所以是《叶问》，&ldquo;八爷&rdquo;功不可没：&ldquo;他是功夫电影中最重要的(存在)，很多时候我都觉得我只负责在拍&lsquo;文艺片&rsquo;。&rdquo;</p>\r\n\r\n<p><br />\r\n<img alt=\"\" src=\"userImage/13.jpg\" /> 对袁和平，甄子丹则更加感恩。和师父一起完成自己的功夫片&ldquo;封拳之作&rdquo;，令他十分感怀：&ldquo;没有八爷就没有我，30多年前正是他发觉了我，让我演戏。&rdquo;而袁和平却说：&ldquo;我给的机会，是你靠自己的实力争取到的，所以是你应得的。&rdquo;</p>\r\n\r\n<p>甄子丹表示《叶问4》不仅是《叶问》系列的完结篇，也将是其主演的最后一部功夫片。作别花费12年心血打造的作品，甄子丹心中确有不舍，并表示每一部都有太多感情放进去。</p>\r\n\r\n<p>据悉，电影《叶问4》于12月20日上映。</p>\r\n', '2019-12-23 19:22:16', '酷酷熊猫', 1, 9, 1, 1, '11.jpg', 1);
INSERT INTO `t_news` VALUES (115, '冬至当天！刘恺威和杨幂：一人传恋情上热搜，一人顾家与女儿团聚 ', '<p>刘恺威和杨幂自宣布离婚以来，两人称和平分开，小糯米则由双方共同抚养。此前，刘恺威的父亲刘丹接受访问，他主动透露杨幂会定期回港探望女儿小糯米，至于刘恺威则推掉一些内地的工作，余出更多时间陪伴小糯米。</p>\r\n\r\n<p>&nbsp;</p>\r\n\r\n<p><img alt=\"\" src=\"userImage/14.jpg\" /></p>\r\n\r\n<p>刘恺威和杨幂也因离婚，导致小糯米有不少节日见不到妈妈！</p>\r\n\r\n<p>12月22日，冬至当天，刘恺威在社交平台罕见发表动态，坦言冬至当天除了要吃水饺之外，还要吃汤圆。粉丝看后，还一度忍不住调侃，汤圆是糯米做的吗？</p>\r\n\r\n<p>&nbsp;</p>\r\n\r\n<p><img alt=\"\" src=\"userImage/15.jpg\" /></p>\r\n\r\n<p>&nbsp;</p>\r\n\r\n<p>看来如今的刘恺威，真如同之前刘丹接受访问时透露的一样，留出更多时间陪伴家人。同样，刘恺威离婚后，还曾多次被拍接送小糯米上学，以及带着小糯米外出散心，妥妥的暖心好父亲。</p>\r\n\r\n<p>&nbsp;</p>\r\n\r\n<p><img alt=\"\" src=\"userImage/16.jpg\" /></p>\r\n\r\n<p>至于杨幂一向以事业为重，但在刘恺威和刘丹口中，她依然是个好妈妈，对小糯米耐心温柔，即使两人分开，小糯米也并不缺乏母爱。</p>\r\n\r\n<p>就在冬至当天，杨幂也一度因新恋情登上热搜！</p>\r\n\r\n<p>&nbsp;</p>\r\n\r\n<p><img alt=\"\" src=\"userImage/17.jpg\" /></p>\r\n\r\n<p>当天下午，与杨幂传恋情的魏大勋现身机场，身穿杨幂代言品牌的衣服，让媒体拍到之后，一度更加确信魏大勋与杨幂的恋情。</p>\r\n\r\n<p>&nbsp;</p>\r\n\r\n<p><img alt=\"\" src=\"userImage/18.jpg\" /></p>\r\n\r\n<p>&nbsp;</p>\r\n\r\n<p>此前，媒体有拍到杨幂和魏大勋晚间同框，传恋情之后两人均未否认，这要放在平时，一般艺人早就声明否认，但看着杨幂和魏大勋沉默的态度，看来又要借绯闻热炒一番了，不过如今已经是单身的杨幂，也一度得到大量粉丝支持，如果喜欢就放手却爱！</p>\r\n', '2019-12-23 19:29:28', '酷酷熊猫', 1, 3, 0, 1, '16.jpg', 1);
INSERT INTO `t_news` VALUES (116, '高亚麟同班同学，与何炅汪涵齐名，最红时淡出，娶富豪老婆很幸福 ', '<p>说到内地主持界的大哥级人物，很多人会想到央视的撒贝宁，冷漠的外表和幽默的性格，不仅当年迷倒了国际女星章子怡，还令撒贝宁深得观众喜爱。</p>\r\n\r\n<p>&nbsp;</p>\r\n\r\n<p><img alt=\"\" src=\"userImage/19.jpg\" /></p>\r\n\r\n<p>还有湖南卫视的顶梁柱何炅和汪涵，两人不仅在湖南卫视取得了满满的成就，还多次受到央视春晚的邀请，堪称国内数一数二的男主持了。</p>\r\n\r\n<p>&nbsp;</p>\r\n\r\n<p><img alt=\"\" src=\"userImage/20.jpg\" /></p>\r\n\r\n<p>今天要介绍的这位，曾是内地综艺主持一哥，地位不逊于汪涵，才华不亚于何炅，他就是李彬。</p>\r\n\r\n<p>&nbsp;</p>\r\n\r\n<p><img alt=\"\" src=\"userImage/21.jpg\" /></p>\r\n\r\n<p>李彬出生于河北衡水，从小就是班上的尖子生，1989年，他以优异的成绩考入解放军艺术学院表演系，与高亚麟、洪剑涛成为同班同学。</p>\r\n\r\n<p>&nbsp;</p>\r\n\r\n<p><img alt=\"\" src=\"userImage/22.jpg\" /></p>\r\n\r\n<p>1999年，李彬经过层层选拔终于如愿以偿当上了《超级大赢家》主持人，《超级大赢家》上线三个月的时间，就成为了全国收视冠军，而李彬也因此名声大噪。</p>\r\n\r\n<p>&nbsp;</p>\r\n\r\n<p><img alt=\"\" src=\"userImage/23.jpg\" /></p>\r\n\r\n<p>最红时李彬甚至能与综艺大咖吴宗宪齐名。但随着湖南卫视的崛起，安徽卫视则暗淡许多，收视率也跌到最低，最终不得已《超级大赢家》彻底停播，李彬也开始逐渐淡出了人们的视线。</p>\r\n\r\n<p>&nbsp;</p>\r\n\r\n<p><img alt=\"\" src=\"userImage/24.jpg\" /></p>\r\n\r\n<p>而除了事业外，生活中的李彬也过得令人羡慕。妻子高志伟家庭条件非常好，从小就是千金大小姐，据说家里资产高达亿万，虽然很多人说李彬高攀了高志伟，但是两人婚后仍然恩爱无比，三口之家非常的幸福，祝福他们！</p>\r\n\r\n<p><img alt=\"\" src=\"userImage/25.jpg\" /></p>\r\n', '2019-12-23 19:32:18', '酷酷熊猫', 1, 5, 1, 1, '20.jpg', 1);
INSERT INTO `t_news` VALUES (117, '患上“不死癌症”的五位明星，蔡少芬绝望，张嘉译腰已经不行 ', '<p>近年来李连杰的健康问题屡屡上热搜，据说他所患的甲状腺亢进至今未能治愈，现在面容憔悴，体重暴增，让不少粉丝担心。曾经的功夫王帝，如今出门都要以轮椅代步，实在令人唏嘘。</p>\r\n\r\n<p>&nbsp;</p>\r\n\r\n<p><img alt=\"\" src=\"userImage/26.jpg\" /></p>\r\n\r\n<p>其实傅丽莉的名字，对于九零后、零零后来说无疑是一个陌生的存在。但是在八十年代时，她可是一位红得发紫的女演员，据说傅丽莉当年退出娱乐圈也是因为疾病的困扰，幸得丈夫影帝孙淳对患病的她不离不弃，无微不至地照顾她，现在两人也是过得美满幸福。</p>\r\n\r\n<p>&nbsp;</p>\r\n\r\n<p><img alt=\"\" src=\"userImage/27.jpg\" /></p>\r\n\r\n<p>张嘉译是娱乐圈难得的实力派演员，不过完美中唯一缺憾就是张嘉译走路总是驼背。原来他患强直性脊柱炎才造成走路姿势怪异，每次拍戏前都要比别人起得早，用开水揉搓使得疼痛减轻点。还有圈内人说他曾带药进组，为的就是不因自己疼痛延误了拍摄时间。他这个病属于好不了的那种，疼痛一直伴着左右，堪称&ldquo;不死癌&rdquo;。</p>\r\n\r\n<p>&nbsp;</p>\r\n\r\n<p><img alt=\"\" src=\"userImage/28.jpg\" /></p>\r\n\r\n<p>蔡少芬曾经是香港红极一时的女星，近年来也因为《甄嬛传》的出色表现圈粉无数，可鲜有人知道她事业成功一段辛酸往事。在新婚没有多久蔡少芬就查出严重的病，险些让她事业尽毁，使得她悲伤欲绝，哭了好几天。幸好在丈夫张晋无微不至的照顾和鼓励下，蔡少芬才度过难关。</p>\r\n\r\n<p>&nbsp;</p>\r\n\r\n<p><img alt=\"\" src=\"userImage/29.jpg\" /></p>\r\n\r\n<p>著名导演冯小刚患有白癜风，白斑已慢慢发展到脸上，易诊断，但难治疗，虽然不影响其健康，但是却影响其外在的容貌，而且此病有遗传，所以冯小刚和徐帆不得不放弃生育。</p>\r\n\r\n<p><img alt=\"\" src=\"userImage/30.jpg\" /></p>\r\n', '2019-12-23 19:39:31', '酷酷熊猫', 1, 1, 0, 1, '26.jpg', 1);
INSERT INTO `t_news` VALUES (118, '实验京剧《尼伯龙根的指环》即将亮相德国', '<p>中新社柏林12月20日电 (记者 彭大伟)改编自德国作曲家瓦格纳不朽巨著《尼伯龙根的指环》的同名实验京剧即将亮相德国柏林。</p>\r\n\r\n<p>在当地时间19日举行的新闻发布会上，中国国家京剧院副院长张亚峰和该剧主创人员介绍了相关情况。</p>\r\n\r\n<p>&nbsp;</p>\r\n\r\n<p><img alt=\"\" src=\"userImage/32.jpg\" /></p>\r\n\r\n<p>当地时间12月19日，中国国家京剧院副院长张亚峰率实验京剧《尼伯龙根的指环》中德主创人员在德国柏林举行新闻发布会，介绍了相关情况。中新社记者 彭大伟 摄<br />\r\n国家京剧院应德国欧洲青年乐团之友协会的邀请，与该机构联合制作了实验剧《尼伯龙根的指环》，并将于12月20日晚在柏林首演。2020年4月，该剧还将在汉堡易北爱乐音乐厅&ldquo;丝绸之路&rdquo;音乐节期间上演。</p>\r\n\r\n<p>张亚峰向中新社记者表示，《尼伯龙根的指环》是歌剧领域中公认的演出时间最长、演绎难度最大的作品。这次中德双方的主创团队、演员、乐手能在较短的规定时间内用富含京剧元素的形式将之呈现给德国观众，本身就是一件令人激动和期待的大事，其成功上演将载入中德文化交流史册。</p>\r\n\r\n<p>该剧德方导演安娜&middot;佩施克此前曾与国家京剧院合作推出实验京剧《浮士德》。谈及新剧相比于《浮士德》的创新之处，佩施克表示，此次观众将看到来自中国国家京剧院的演员们首次与德国演员同台演出实验剧目，在舞台上呈现两国语言、文化的对话与交流。</p>\r\n\r\n<p><br />\r\n<img alt=\"\" src=\"userImage/31.jpg\" /> 当地时间12月19日，中德两国演员在德国柏林表演实验京剧《尼伯龙根的指环》片段。当天，中国国家京剧院副院长张亚峰率该剧中德主创人员举行新闻发布会，介绍了相关情况。中新社记者 彭大伟 摄<br />\r\n安娜&middot;佩施克说：&ldquo;我们在德国将瓦格纳《尼伯龙根的指环》看作本国文化遗产的一部分。这一&lsquo;极具德国特质&rsquo;的题材通过京剧的语言加以呈现，将开启新的视角。&rdquo;</p>\r\n\r\n<p>中国驻德国大使馆文化处公使衔参赞陈建阳表示，实验京剧《尼伯龙根的指环》是北京和柏林建立友城关系25周年系列庆典活动的闭幕演出，也将是中德两国在表演艺术领域深入交流的最新成果。&ldquo;我非常期待20日在柏林Radialsystem剧院的首演，届时人们将看到中国京剧和德国传说碰撞出的火花。&rdquo;(完)</p>\r\n', '2019-12-23 19:43:26', '酷酷熊猫', 1, 1, 0, 1, '32.jpg', 0);
INSERT INTO `t_news` VALUES (119, '影帝陈道明妻子近照，曾比董卿还红，一家三口都是大明星', '<p>若论当今一线大牌明星，陈道明当之无愧。他1985年便凭借电视剧《末代皇帝》获得金鹰奖和飞天奖优秀男主角。近来还和靳东，马伊琍主演了大热的电视剧《我的前半生》，是公认的一代影帝，无论从人品还是艺德上来看陈道明都是非常的优秀。</p>\r\n\r\n<p>&nbsp;</p>\r\n<img alt=\"\" src=\"userImage/33.jpg\" />\r\n<p>陈道明，1955年4月26日出生于天津，国家一级演员。1985年，凭借电视剧《末代皇帝》中溥仪一角一举成名，一举摘得第7届中国电视金鹰奖最佳男演员和第9届中国电视飞天奖优秀男主角。</p>\r\n\r\n<p>&nbsp;</p>\r\n<img alt=\"\" src=\"userImage/34.jpg\" />\r\n<p>随后主演了多部电影和电视剧，《我的1919》，《康熙王朝》，《围城》都是脍炙人口的电视剧，并获得众多奖项，他儒雅知性而又光彩四溢的细腻演技深受观众喜爱。</p>\r\n\r\n<p>&nbsp;</p>\r\n<img alt=\"\" src=\"userImage/35.jpg\" />\r\n<p>虽然事业火红，人气久盛不衰，但是他很少上综艺节目，也很少参加各种活动，他深爱自己的妻子和女儿，把拍戏外的精力都放到在家庭上。</p>\r\n\r\n<p>&nbsp;</p>\r\n<img alt=\"\" src=\"userImage/36.jpg\" />\r\n<p>陈道明的妻子杜宪，比她大1岁，曾经也是个叱咤风云的人物，曾是央视的著名节目主持人，曾主持过央视《新闻联播》，比现在的董卿还红，周涛还美。</p>\r\n\r\n<p>&nbsp;</p>\r\n<img alt=\"\" src=\"userImage/37.jpg\" />\r\n<p>可和陈道明结婚后杜宪毅然放弃如日中天事业，在家相夫教子，现在是中国传媒大学副教授。陈道明和杜宪都是初恋，现在两人已经携手走过36年的婚姻生活，还育有一个女儿，幸福至今。</p>\r\n\r\n<p>&nbsp;</p>\r\n<img alt=\"\" src=\"userImage/38.jpg\" />\r\n<p>后来女儿陈格学成回国，作为最负盛名的&ldquo;星二代&rdquo;，陈格也循着父亲走过的路，投身于演艺事业。现在的陈格是越剧团青年演员兼舞蹈演员，并没有靠着爸爸出名，而是做一个很低调的星二代，在做自己喜欢的工作。</p>\r\n<img alt=\"\" src=\"userImage/39.jpg\" />', '2019-12-23 19:45:01', '酷酷熊猫', 1, 1, 1, 0, NULL, 1);
INSERT INTO `t_news` VALUES (120, '周冬雨直言讨厌和别人睡，唯独她例外，尹正听后都惊呆了！ ', '<p>生而为人，每个人都有自己的生活习性，有些人不喜欢猫猫狗狗，有些人喜欢独居，也有的人喜欢一个人睡，不喜欢被打扰的感觉，这些习惯已经养成，倘若想要改变，除非是很重要的人，想必是很困难的了。</p>\r\n\r\n<p>&nbsp;</p>\r\n<img alt=\"\" src=\"userImage/40.jpg\" />\r\n<p>今天小编要为大家介绍的是一位特别小巧可爱的女星，从17岁到28岁，模样是一点也没有改变，依旧年轻依旧动人，她就是周冬雨。作为双料影后的她，也是备受大众的喜爱的，不仅仅是因为她的颜值她的演技，更多的是她那高情商。</p>\r\n\r\n<p>&nbsp;</p>\r\n<img alt=\"\" src=\"userImage/41.jpg\" />\r\n<p>周冬雨出道至今，也有九年了，时光让她变成成熟，演技也越来越自然，各种高难度的角色都能轻松驾驭，小编起初对她是无感的，只是看到她演的《同桌的你》，才喜欢上这个演技精湛又可爱的演员，想必很多人都是通过《七月与安生》认识周冬雨的，这也是她演技炸裂的光辉时刻。</p>\r\n\r\n<p>&nbsp;</p>\r\n<img alt=\"\" src=\"userImage/42.jpg\" />\r\n<p>近期周冬雨也参加了综艺《小小的追球》，在节目中她表示自己很讨厌和别人一起睡，不然会觉得很不自然睡不着，这是一个很正常的习惯，想必很多人都有这种习性，随后冬雨还称除非是那种关系有六七年的好朋友才能接受。</p>\r\n\r\n<p>&nbsp;</p>\r\n<img alt=\"\" src=\"userImage/43.jpg\" />\r\n<p>这时一旁的尹正问了句：思纯可以吗？冬雨毫不犹豫的回答可以，还直言同盖一床被子都可以，不得不说这是秀了一波友情呢！我们都知道周冬雨和马思纯两人因为《七月与安生》而走红，两人也成为了很好的闺蜜，时常在微博秀友情，看来两人的感情也是特别好的，一旁的尹正也是惊呆了，没想到在复杂的娱乐圈还有这样真挚的友情，确实是令人很感动的。</p>\r\n\r\n<p>&nbsp;</p>\r\n<img alt=\"\" src=\"userImage/44.jpg\" />\r\n<p>虽然娱乐圈鱼龙混杂，但是也是不缺乏真友情的，令小编羡慕的就有何炅和谢娜，杨紫和张一山，马天宇和郑爽，朱一龙和杨蓉，唐嫣和刘亦菲，不知你对此怎么看呢？欢迎大家前来留言评论哦！</p>\r\n', '2019-12-23 19:46:22', '酷酷熊猫', 1, 6, 0, 0, NULL, 0);
INSERT INTO `t_news` VALUES (121, '九部门发力带薪休假，职工的“远方”还远吗', '<p>2020年元旦仅放1天假，但在北京一家互联网企业工作的王女士已经买好了去海南三亚的机票，准备元旦期间三亚5日游。</p>\r\n\r\n<p>&ldquo;我还有两天年假没休，正好赶在元旦前休了，可以在12月30日和31日休两天。算上12月28日和29日的周末，再加上元旦1天假期，可以连着休5天。&rdquo;王女士对《工人日报》记者说。</p>\r\n\r\n<p>像王女士这样通过&ldquo;拼假&rdquo;的方式寻找&ldquo;远方&rdquo;的职工不在少数。12月10日，同程艺龙与同程旅游联合发布的《2020元旦居民出行出游趋势报告》就显示，与往年相比，今年元旦期间的出游人群中,选择&ldquo;拼假&rdquo;出游的国内长线游和出境游的比例明显上升。</p>\r\n\r\n<p>12月12日，国家发展改革委等9部门发布《关于改善节假日旅游出行环境促进旅游消费的实施意见》（以下简称《意见》）指出，加大力度落实职工带薪休假制度，推动错峰出行。</p>\r\n\r\n<p>这让带薪休假（俗称年休假或年假）再次引起人们关注：9部门发力带薪休假，会让职工踏上理想中的&ldquo;远方&rdquo;吗？</p>\r\n\r\n<p>带薪休假落实情况不一</p>\r\n\r\n<p>根据《劳动法》《职工带薪年休假条例》《机关事业单位工作人员带薪年休假实施办法》《企业职工带薪年休假实施办法》等相关法律法规规定，机关、团体、企业、事业单位、民办非企业单位、有雇工的个体工商户等单位的职工连续工作1年以上的，享受带薪年休假。</p>\r\n\r\n<p>北京德恒律师事务所律师崔杰对记者表示，实际执行中，一些企业对法律规定存在误读，认为年假不具有强制性而拒绝安排，还有企业因自身经营压力较大对落实带薪休假动力不足。一些企业还违规设置年假的享受条件以及不享受年假的情形等。更有职工因为担忧休年假会影响工作升迁等原因而放弃休年假。</p>\r\n\r\n<p>&ldquo;年假难落实一直是劳动争议中的热点问题，国家机关、社会团体、事业单位、国有企业以及一些大型民营企业的职工基本能依法享受年假，而一些中小民营企业职工的年假落实情况并不尽如人意。&rdquo;崔杰说。</p>\r\n\r\n<p>中央财经大学劳动法和社会保障法研究中心主任沈建峰对记者表示，实践中，一些企业在落实年假制度时也存在违法违规之处，比如不安排年假或拒绝职工年假申请，也不支付未休年假工资补偿；违规设置年假的享受条件以及不享受年假的情形，比如新进职工、劳务派遣工不享受年假等；安排的年假天数，比如职工享受年假的天数没有根据社会工龄，而是本企业工龄计算；未休年假工资补偿不符合法律规定，年假过期不休自动作废，且不支付未休年假工资补偿或未休年假工资补偿标准低于本人工资300%等。</p>\r\n\r\n<p>落实带薪休假是多赢</p>\r\n\r\n<p>专业人士指出，落实带薪休假，除了能够给职工带来显而易见的利好之外，更是多赢之举。</p>\r\n\r\n<p>&ldquo;&lsquo;大力度落实职工带薪休假制度，推动错峰出行&rsquo;不但能够让大家充分享受淡季、周中等人少、价格更为实惠的出游体验，同时也能够实现景区、交通、酒店等相关产业的均衡发展，避免旅游消费冷热不均。&rdquo;驴妈妈旅游网品牌发展部总经理李秋妍说。</p>\r\n\r\n<p>李秋妍认为，错峰出行对于游客而言，性价比更高，旅游体验更好，对于整个旅游产业来讲则可以实现时间上更均衡、运营上安全、业态上更健康的发展，同时也能实现交通、景区等公共资源的更合理利用和配置。</p>\r\n\r\n<p>在崔杰看来，落实带薪休假对企业而言也并非坏事，&ldquo;近年来，一些企业就通过鼓励员工休年假来增强员工对企业的忠诚度&rdquo;。他认为，带薪休假的落实，不仅使得企业规避了不执行相关法律带来的风险，更能够增强员工对企业的好感和忠诚度，有利于企业健康发展。</p>\r\n\r\n<p>如何进一步推动落实带薪休假？</p>\r\n\r\n<p>有关专家指出，近年来，职工特别是年轻一代对落实带薪休假期待很高，但推动带薪休假落实，仍需要多方努力。</p>\r\n\r\n<p>那么，该如何进一步推动落实带薪休假？</p>\r\n\r\n<p>沈建峰指出：&ldquo;带薪休假能不能落地关键看企业，企业要转变观念，依法建立和完善年假管理制度，通过完善的休假制度提高员工的凝聚力和对企业的认同感，从而提升生产效率。政府部门也要加强引导、加大监管力度、提高企业违法成本。另外，要落实带薪休假制度，还要充分发挥工会组织的作用，工会组织可以通过召开职工代表大会等形式制定本单位带薪休假制度的实施细则。&rdquo;</p>\r\n\r\n<p>崔杰则建议，各地劳动仲裁部门和各级法院可以定期公布有关年假劳动争议典型案例，引导企业依法落实带薪休假制度。</p>\r\n\r\n<p>记者注意到，此次9部门印发的《意见》明确，用人单位对履行落实带薪休假制度负主体责任。工会组织对维护本单位职工带薪休假权益负主要责任，将带薪休假落实情况纳入职工大会、职工代表大会审议事项，定期向本单位职工进行报告和说明。组织部门、人力资源和社会保障部门按照职责分工对用人单位落实职工带薪休假情况进行监督检查。</p>\r\n\r\n<p>此次出台的《意见》同时要求，加强用人单位休假配套制度建设，积极推行岗位AB角制度，不断完善职工休假保障制度，做到工作不断、秩序不乱。（工人日报－中工网记者 杨召奎）</p>\r\n', '2019-12-23 19:48:26', '酷酷熊猫', 2, 0, 0, 0, NULL, 0);
INSERT INTO `t_news` VALUES (122, '绿漆刷山、盆栽式复绿……揭开环保领域伪装乱象', '<p>今年7月，福建省漳浦县某企业为应付检查搞&ldquo;盆栽式复绿&rdquo;，被环保督察人员逮个正着。</p>\r\n\r\n<p>&lt;img alt=&quot;&quot; src=&quot;userImage/45.jpg&quot; /&gt;</p>\r\n\r\n<p>电商页面展示的&ldquo;防航拍&rdquo;伪装网铺装效果对比图。</p>\r\n\r\n<p>山东昌盛矿业有限公司部分矿山刷绿漆。</p>\r\n\r\n<p>福建省漳浦县非法开采企业将大量盆栽苗木简单覆土，甚至直接摆放在砂场，搞&ldquo;盆栽式复绿&rdquo;。</p>\r\n\r\n<p>河南省三门峡市锦滨矿业有限公司在矿区环境恢复治理过程中，未经审批擅自将三门峡开曼矿区&ldquo;山体喷绿&rdquo;。</p>\r\n\r\n<p>&hellip;&hellip;</p>\r\n\r\n<p>近段时间，一些地方疑似以&ldquo;伪装&rdquo;方式应付环保检查的问题陆续曝光，引起广泛关注。</p>\r\n\r\n<p>&ldquo;山体喷绿&rdquo;为哪般</p>\r\n\r\n<p>&ldquo;山体喷绿&rdquo;现象并不新鲜。据媒体报道，前些年已有湖北省十堰市某房地产开发公司给裸露山体刷上油漆搞&ldquo;假绿化&rdquo;、广东省深圳市某村用涂绿漆的方式把秃山变&ldquo;绿山&rdquo;等&ldquo;创举&rdquo;。其主要目的，正是躲避和应付环保检查。</p>\r\n\r\n<p>以今年7月曝光的昌盛矿业给山体涂绿漆问题为例，据当地媒体报道，占地数十亩的石料厂，周边石头上全部被刷上了绿色油漆。石料厂会计介绍说，此举是为应对环保检查。一位卡车司机表示，这些绿漆是2018年刷的，航拍的时候能显示是绿色的。</p>\r\n\r\n<p>尚存&ldquo;争议&rdquo;的是今年9月曝光的三门峡开曼矿区&ldquo;山体喷绿&rdquo;问题。相关企业称，&ldquo;喷绿&rdquo;是为了解决高陡边坡抑尘问题，喷的是&ldquo;液体抑尘剂&rdquo;。当地于9月13日公布的初步调查结果显示，涉事企业未经审批，擅自进行试验性喷涂，&ldquo;已责令停产整顿，全力配合调查&rdquo;。</p>\r\n\r\n<p>曾进入开曼矿区的一名技术人员告诉记者，&ldquo;喷绿&rdquo;的山体系涉事企业专用采区，由于露天作业，采完铝石后需要回填土方、还原植被，从照片上来看应该是没有做。</p>\r\n\r\n<p>&ldquo;我觉得这种行为是为了应付检查，但主要目的不是躲避航拍。开曼矿区非常偏，靠近黄河边，过了河就是山西，离省道、国道都很远，进去的路非常难走，一般小车进不去。检查的时候，远处一看都是绿色的，不知道的就以为是种上树了。&rdquo;该技术人员分析说。</p>\r\n\r\n<p>在多次参与环保督察的中央生态环境保护督察办公室工作人员徐锡惠看来，裸露矿山环境治理的主要办法是恢复植被，喷涂客观上是没有作用的。</p>\r\n\r\n<p>&ldquo;防航拍&rdquo;产业链尤须警惕</p>\r\n\r\n<p>与山体喷漆、摆盆景等&ldquo;简单粗暴&rdquo;的手段相比，正在形成的躲避环保检查产业链危害更甚。其中，最具代表性的产品当属一些电商平台推出的&ldquo;防航拍&rdquo;伪装网。</p>\r\n\r\n<p>记者在某电商平台搜索&ldquo;防航拍&rdquo;关键词，随即显示为数众多的伪装网售卖店铺。按销量排序，收货人数在200人以上的就多达14家，销量最大的一家显示有2296人收货。尽管所售产品还有防晒遮阳等用途，但店铺广告图片中均突出&ldquo;防违章航拍&rdquo;&ldquo;专业屏蔽无人机&rdquo;等字样，有的甚至承诺&ldquo;航拍一次通过，拍到我赔钱&rdquo;。</p>\r\n\r\n<p>从卖家广告和买家好评来看，&ldquo;防航拍&rdquo;效果不错。其中，一家店铺晒出了&ldquo;绿化工程铺装&rdquo;&ldquo;厂房伪装&rdquo;&ldquo;私建游泳池伪装&rdquo;&ldquo;景区房屋伪装&rdquo;等多个&ldquo;真实拍摄&rdquo;的效果图。一名网友留言：&ldquo;防航拍用的，已经全部安装上了，这下不用担心被拍到了，已经推荐给隔壁。&rdquo;</p>\r\n\r\n<p>记者以买家名义联系了一家店铺的客服人员，据其介绍，该公司所售伪装网不仅&ldquo;防航拍&rdquo;，而且&ldquo;卫星上看跟绿化效果一样&rdquo;；尺寸可定制，可以只盖顶，也可以整个包起来，快的话两三天就能从浙江发货到北京。</p>\r\n\r\n<p>&ldquo;洽谈&rdquo;中，记者索要到一张正在作业的效果图。实景拍摄的照片显示，裸露的山体断面上，一张巨大的伪装网正自上而下铺装，将褐色的山体包裹成绿色，看上去与山顶植被浑然一体。</p>\r\n\r\n<p>&ldquo;选择挂网，说明他们知道这里应该绿化，但就是没有做，只能通过这种方式来应付检查，对于生态恢复不会起到任何效果。从环保督察的角度来说，我们肯定发现一个、打掉一个。&rdquo;徐锡惠表示。</p>\r\n\r\n<p>文件造假、撒药迎检，终究难逃慧眼</p>\r\n\r\n<p>记者从中央生态环境保护督察办公室了解到，在中央生态环保督察等监督检查过程中，企图以弄虚作假方式瞒天过海的不乏其人。从某种意义上而言，其造假手段也是一种&ldquo;伪装&rdquo;。</p>\r\n\r\n<p>各种造假手段中，相对容易&ldquo;操作&rdquo;的是伪造文件。去年夏天，中央生态环保督察组在对河南省范县进行督察时，通过调阅资料发现，《范县&ldquo;十三五&rdquo;煤炭消费总量控制工作实施方案》印发日期为2017年5月7日，竟比市里的文件早了半年，甚至比河南省的文件还提前了两个月，《方案》内容大量抄袭省市文件。经调查，《方案》系当地为了应付检查临时&ldquo;补发&rdquo;。</p>\r\n\r\n<p>更有甚者，通过伪造党委会会议纪要应付督察。2018年11月，中央生态环保督察组下沉贵州省遵义市督察发现，播州区委向督察组提供10份编造的区委常委会会议纪要，声称每月都开展了生态环境保护方面的研究学习和工作部署。</p>\r\n\r\n<p>与文件造假相比，通过&ldquo;撒药治污&rdquo;影响监测数据的方式颇具&ldquo;技术含量&rdquo;。据介绍，贵州省贵阳市及开阳县对洋水河流域总磷污染综合治理工作敷衍应付，整改中为了使监测断面水质达标，在其上游安装撒药装置，通过直接添加絮凝剂的方式降低总磷浓度，污染物实际上仍留在河道中。</p>\r\n\r\n<p>无独有偶。山东省潍坊市滨海开发区在对围滩河的综合整治中，本应控制污染源、清理河道，却通过&ldquo;一段一段地撒药&rdquo;来应对验收，不仅耗费巨资，验收后水质也很快回落到劣Ⅴ类标准。</p>\r\n\r\n<p>&hellip;&hellip;</p>\r\n\r\n<p>&lt;img alt=&quot;&quot; src=&quot;userImage/20180417095446.jpg&quot; /&gt;</p>\r\n\r\n<p>在徐锡惠看来，五花八门的造假乱象，既有企业不注重环保、一味追逐利益的缘故，更是一些地方党委政府生态环保责任缺失，搞形式主义、官僚主义的具体体现。</p>\r\n\r\n<p>&ldquo;魔高一尺&rdquo;的同时，如何做到&ldquo;道高一丈&rdquo;？徐锡惠介绍说，仅就中央生态环保督察而言，首先是要进一步发挥好群众监督的作用。中央生态环保督察，每一轮都会公布督察组联系方式，每个省在时长一个月的督察进驻期内往往能收到几千个群众举报电话，筛选出上千个有效信息，很多弄虚作假的问题线索都是通过群众举报获取的。其次，要加强技术手段创新。比如，进一步提高卫星拍摄的精度，进一步用好无人机这一&ldquo;延伸的眼睛&rdquo;，加强红外监测、无人船、管道机器人等在偷排口排查中的运用等。</p>\r\n\r\n<p>&ldquo;最关键的还是把生态环境保护责任落实到位。无论是中央生态环保督察，还是地方部门的日常监督检查，只有切实扛起责任、坚持问题导向、不怕得罪人，这些乱象才会无处遁形。&rdquo;徐锡惠表示。（记者 瞿芃）</p>\r\n', '2019-12-23 19:49:30', '酷酷熊猫', 2, 0, 0, 0, NULL, 0);
INSERT INTO `t_news` VALUES (123, '全面预算绩效管理亟待“提质” 业内呼吁扩大第三方参与', '<p>岁末年初，正是各级财政部门编制来年预算的繁忙季。面对日趋紧张的财政收支矛盾，此间业内人士表示，预算绩效管理亟待&ldquo;提质&rdquo;，以&ldquo;花钱必问效&rdquo;来倒逼提高财政资金配置效率，并引入更多第三方专业力量参与绩效评估。</p>\r\n\r\n<p>&ldquo;财政收支矛盾越凸显，越要把钱花在刀刃上，确保贯彻落实好中央提出的各项发展和改革任务。&rdquo;在日前以&ldquo;政府预算绩效管理与资产评估&rdquo;为主题的&ldquo;2019年中国评估论坛&rdquo;上，财政部预算评审中心主任李方旺如是说。</p>\r\n\r\n<p>财政部数据显示，今年前11个月累计，全国一般公共预算收入178967亿元，同比增长3.8%。其中税收收入同比仅增长0.5%，主体税种增速放缓，个人所得税收入同比下降26.8%。而同期全国一般公共预算支出206463亿元，同比增长7.7%，教育、科学技术、社会保障和就业、卫生健康及节能环保等重点领域支出增幅仍在8%以上。</p>\r\n\r\n<p>在大力减税降费背景下，如何既切实为企业和个人减负，又缓解财政收支压力？</p>\r\n\r\n<p>李方旺说，关键要进一步完善预算绩效管理，通过事前的预算绩效评估严控新增项目，强化预算自我约束；通过事后的预算绩效评价，压减无效和低效支出等，这些对于优化财政支出结构、解决预算结构固化和效率不合理矛盾等具有重要意义。</p>\r\n\r\n<p>中央财经大学副校长马海涛说，全面实施预算绩效管理，是推进国家治理体系和治理能力现代化的内在要求，也是深化财税体制改革、建立现代财政制度的重要内容。构建全方位预算绩效管理格局的一个重要内容，就是建立预算绩效评价体系，在这方面第三方机构大有可为，资产评估机构作为重要的社会中介之一，也有很大空间发挥专业作用。</p>\r\n\r\n<p>中国资产评估协会秘书长张更华介绍，经过30多年发展，资产评估行业已成为我国经济社会发展不可或缺的重要专业力量，并在推进财税体制改革中发挥积极作用。未来提高预算绩效管理质量，无论是对新出台重大政策项目开展事前绩效评价，还是对下级政府财政运行情况实施综合绩效评价，以及开展政府投资基金和政府购买服务评价等，资产评估机构都将迎来很多机遇。</p>\r\n\r\n<p>统计显示，截至2018年底，我国资产评估行业已有资产评估机构4200多家，资产评估师36000人，从业人员超过10万。去年全年资产评估行业业务收入超过180亿元，同比增长33%。</p>\r\n\r\n<p>&ldquo;无论是事前绩效评估还是事后绩效评价，第三方机构都可以广泛参与。&rdquo;财政部预算司预算绩效管理处处长郑涌说，近年来，我国预算绩效管理改革不断提速，已经从局部地区探索，推广到全国范围实施。目前所有省区都已实施绩效管理，在财政收支压力下各地都希望通过预算绩效管理实现内部挖潜，有效管理支出，加强执行监控，包括引入外部评价。</p>\r\n\r\n<p>记者从北京市财政局了解到，早在2010年北京市探索试点事前绩效评估时，就启动了参与式预算模式，邀请人大代表、业内专家和政协委员一起严把重大政策和民生项目入口，防止&ldquo;拍脑袋&rdquo;决策。</p>\r\n\r\n<p>专家表示，扩大第三方机构参与预算绩效评价工作，有利于增加公共支出的透明度，改进和加强财政监督，推进财政支出管理的科学化、制度化和规范化。但建设全方位、全过程、全覆盖的预算绩效管理体系是一项十分艰巨的改革任务，需要多方共同努力，第三方机构自身也要加强人才和技术储备，破解第三方市场供给不足问题。</p>\r\n', '2019-12-23 19:49:54', '酷酷熊猫', 2, 0, 0, 0, NULL, 0);
INSERT INTO `t_news` VALUES (124, '人民日报社论：续写“一国两制”成功实践新篇章——热烈祝贺澳门回归祖国20周年', '<p>20年前，伴随着《七子之歌》的感人旋律，历尽风雨的澳门终于回到祖国怀抱。澳门从此走上了同祖国内地优势互补、共同发展的宽广道路，祖国统一大业进程铸就又一个历史丰碑。今天，濠江流彩，莲花盛放，一个生机勃勃、安定祥和的澳门正以崭新的姿态屹立在祖国的南海之滨。</p>\r\n\r\n<p>时间是最忠实的记录者，也是最客观的见证者。回归20年来，澳门沧海桑田、翻天覆地，经济快速增长、民生持续改善、社会稳定和谐，本地生产总值从1999年的518.7亿澳门元增加至2018年的4446.7亿澳门元，人均地区生产总值已排在亚洲第一、世界第二，从幼儿园至高中实现15年免费教育，长者、婴幼儿、中小学生、孕妇纳入免费医疗，&ldquo;莲花宝地&rdquo;开创了历史上最好的发展局面。澳门经济社会发展取得的巨大成就，向世界展示了具有澳门特色的&ldquo;一国两制&rdquo;成功实践，彰显了&ldquo;一国两制&rdquo;的巨大优越性和强大生命力。</p>\r\n\r\n<p>习近平主席指出：&ldquo;&lsquo;一国&rsquo;是根，根深才能叶茂；&lsquo;一国&rsquo;是本，本固才能枝荣。&rdquo;回归20年来，澳门特别行政区全面准确理解和贯彻&ldquo;一国两制&rdquo;方针，正确认识并妥善处理&ldquo;一国&rdquo;与&ldquo;两制&rdquo;的关系，坚守&ldquo;一国&rdquo;之本，善用&ldquo;两制&rdquo;之利，真正实现了与祖国内地相互促进、共同发展。实践充分表明，只有在全社会形成广泛的国家认同，才能全面准确地实施基本法；只有切实维护国家主权、安全、发展利益，才能保持澳门的长期繁荣稳定；只有积极融入国家发展大局，才能使澳门走向更美好的未来。实践雄辩地证明，&ldquo;一国两制&rdquo;是解决历史遗留的澳门问题的最佳方案，也是澳门回归后保持长期繁荣稳定的最佳制度，是行得通、办得到、得人心的！</p>\r\n\r\n<p>&ldquo;坚持&lsquo;一国两制&rsquo;，保持香港、澳门长期繁荣稳定，促进祖国和平统一&rdquo;，这是党的十九届四中全会概括的我国国家制度和国家治理体系的一个显著优势。中国特色社会主义进入了新时代，意味着&ldquo;一国两制&rdquo;事业也进入了新时代。继续推进&ldquo;一国两制&rdquo;事业，必须牢牢把握&ldquo;一国两制&rdquo;的根本宗旨，共同维护国家主权、安全、发展利益，保持香港、澳门长期繁荣稳定；必须坚持依法治港、依法治澳，依法保障&ldquo;一国两制&rdquo;实践；必须把坚持&ldquo;一国&rdquo;原则和尊重&ldquo;两制&rdquo;差异、维护中央对特别行政区全面管治权和保障特别行政区高度自治权、发挥祖国内地坚强后盾作用和提高特别行政区自身竞争力有机结合起来，任何时候都不能偏废。唯其如此，&ldquo;一国两制&rdquo;实践才能沿着正确方向走稳、走实、走远，香港、澳门才能拥有更加美好的明天。</p>\r\n\r\n<p>今天，澳门已经站在了新的历史起点上。有&ldquo;一国两制&rdquo;的制度保障，有伟大祖国作坚强后盾，有爱国爱澳的价值支撑，有澳门同胞的齐心协力，澳门这朵美丽莲花必将绽放出更加绚丽、更加迷人的色彩。</p>\r\n', '2019-12-23 19:50:17', '酷酷熊猫', 2, 0, 0, 0, NULL, 0);
INSERT INTO `t_news` VALUES (125, '特稿：2019，“中国之治”感奋世界', '<p><br />\r\n2019年，世界大调整大变革加速展开。</p>\r\n\r\n<p>2019年，新中国成立70周年。中国创造的经济快速发展和社会长期稳定&ldquo;两大奇迹&rdquo;，赢得广泛赞誉，刷新世界对中国的感知和了解。&ldquo;中国之治&rdquo;的成功密码和世界意义，引发国际社会更多关注和思考。</p>\r\n\r\n<p>中国对世界的影响，从未像今天这样全面、深刻、长远。2019年，面对错综复杂的国际形势，在世界经济持续低迷背景下，中国开拓进取，奋发有为，在乱局中引领方向，在挑战中克难前行。&ldquo;中国之治&rdquo;优势凸显，为世界和平、稳定和繁荣增添更多正能量，令世界振奋。</p>\r\n\r\n<p>中国之&ldquo;志&rdquo;引领时代潮流</p>\r\n\r\n<p>单边主义与多边主义的交锋，是贯穿2019年国际格局演变的一大脉络。应该看到，和平、发展、合作、共赢仍是时代潮流，多边主义是人类必然选择。捍卫多边主义，促进共同发展，符合各国人民的根本利益。</p>\r\n\r\n<p>12月16日，&ldquo;新时代的中国与世界&rdquo;国际研讨会在北京举行。与会的波兰前副总理格热戈日&middot;科沃德科表示，面对此起彼伏的全球性挑战，中国正通过倡导开放包容、互利共赢的理念，坚定支持多边主义，推动全球治理体系变革，为各国提供解决问题的新思路。</p>\r\n\r\n<p>2019年，在上合组织、金砖机制、博鳌论坛、亚投行等国际合作平台中，中方始终秉承以合作共赢为目标，以规则秩序为基础，以公平正义为要旨，以有效行动为导向的多边主义理念，提出一系列维护多边主义的主张，发出支持多边主义的明确信号。</p>\r\n\r\n<p>&ldquo;久旱后的及时雨&rdquo;，第73届联大主席埃斯皮诺萨这样评价中国领导人对多边主义的坚定支持。她表示，中国&ldquo;维护了多边主义体系的健康与活力&rdquo;，联合国对此高度赞赏。</p>\r\n\r\n<p>美国库恩基金会主席罗伯特&middot;库恩认为，中国坚定支持多边主义，对整个世界的稳定、安全与健康发展至关重要。</p>\r\n\r\n<p>中国之&ldquo;质&rdquo;提振全球经济</p>\r\n\r\n<p>作为全球第二大经济体，中国经济连续多年对世界经济增长贡献率超过30%。2019年，中国持续扩大开放力度、力促高质量发展，中国经济的优异&ldquo;成绩单&rdquo;再次给世界经济注入强大信心。</p>\r\n\r\n<p>2019年，在第二届&ldquo;一带一路&rdquo;国际合作高峰论坛等场合，中国领导人宣布了下阶段中国更大力度的对外开放举措，宣示中国持续推进更高水平对外开放的坚定决心。第二届中国国际进口博览会成功举办，被外界视作中国进一步扩大开放的重要标志。</p>\r\n\r\n<p>在经济全球化遭遇逆风的当下，中国用行动表明，中国开放的大门只会越开越大。这是中国基于发展需要做出的战略抉择，也是以顺应经济全球化大势的务实行动向世人宣示，中国不仅发展自己，也造福世界。</p>\r\n\r\n<p>俄罗斯联邦财政金融大学教授尼古拉&middot;科特利亚罗夫表示，各国正从中国持续扩大开放的进程中不断获益，（中国坚持）开放、包容、普惠、平衡、共赢的经济全球化，将获得国际社会越来越广泛的支持。</p>\r\n\r\n<p>&ldquo;中国依然是世界最大的增长机遇所在。&rdquo;麦肯锡全球管理合伙人凯文&middot;斯奈德说，市场体量大，供应链效率高，资本充足，这些都是世界投资者看好中国经济的重要因素。</p>\r\n\r\n<p>中国之&ldquo;智&rdquo;贡献和谐世界</p>\r\n\r\n<p>&ldquo;应对共同挑战、迈向美好未来，既需要经济科技力量，也需要文化文明力量。&rdquo;5月，在北京举行的亚洲文明对话大会上，习近平主席深刻阐明文明对世界的推动作用。</p>\r\n\r\n<p>回望2019年中国与世界的互动，文明交流互鉴是浓墨重彩的一笔。无论是开创性地举办亚洲文明对话大会，还是长城脚下各国人民共赏绿色生活之美的世园会；无论是中印领导人共同欣赏马哈巴利普拉姆古寺庙，还是中希领导人共同参观雅典卫城博物馆，都充分体现了中国对文明多样性的尊重，对平等、互鉴、对话、包容的文明观的践行。</p>\r\n\r\n<p>在乱象丛生、逆流涌动的当今世界，&ldquo;和而不同&rdquo;&ldquo;和合共生&rdquo;&ldquo;美美与共&rdquo;&ldquo;天下大同&rdquo;等饱含东方智慧的中国理念和文明观如同一股清流，赢得国际社会高度赞赏。</p>\r\n\r\n<p>希腊总统帕夫洛普洛斯表示，在当今充满不确定性的世界，中国主张和平、和谐和平衡，&ldquo;为解决各种全球性问题提供了十分有益的借鉴和方案&rdquo;。</p>\r\n\r\n<p>新加坡学者马凯硕感言，中国倡议的&ldquo;一带一路&rdquo;正在重塑国家之间特别是亚洲国家间的文化和历史纽带。若干年后回望，会发现这是一个亚洲经济蓬勃发展与&ldquo;文化复兴&rdquo;并进的进程。</p>\r\n\r\n<p>中国之&ldquo;制&rdquo;丰富全球治理</p>\r\n\r\n<p>当今世界正经历百年未有之大变局，全球治理体系面临重重考验。在英国学者马丁&middot;雅克看来，中国正在用一种全新方式去思考自己和世界的关系，中国能够在全球治理方面给世界带来新的经验和启示。</p>\r\n\r\n<p>&ldquo;中国之制&rdquo;如何成就&ldquo;中国之治&rdquo;？面对新中国70年发展成就，越来越多国际人士在思考背后的深层原因。</p>\r\n\r\n<p>10月底召开的中国共产党十九届四中全会，第一次系统描绘了中国特色社会主义制度的&ldquo;图谱&rdquo;。</p>\r\n\r\n<p>英国社会学家马丁&middot;阿尔布劳认为，中国推进国家治理体系和治理能力现代化的最新部署和举措中，包含着中国日益强大起来的&ldquo;密码&rdquo;，值得其他国家和地区密切关注。</p>\r\n\r\n<p>小智治事，大智治制。海外智库和专家学者认为，经受了实践检验的中国发展道路不仅在占世界人口五分之一的东方古国开辟出国家治理的新境界，更为推动构建人类命运共同体贡献着中国智慧。</p>\r\n\r\n<p>&ldquo;中国提供了一种新的可能，&rdquo;马丁&middot;雅克说，&ldquo;这就是摒弃丛林法则、不搞强权独霸、超越零和博弈，开辟一条合作共赢的文明发展新道路。&rdquo;</p>\r\n\r\n<p>&nbsp;</p>\r\n', '2019-12-23 19:50:40', '酷酷熊猫', 2, 0, 0, 0, NULL, 0);
INSERT INTO `t_news` VALUES (126, '网民建议采取措施避免丢失的身份证被盗用 公安部回应', '<p>公安部答网民关于&ldquo;采取措施避免公民丢失的身份证被用于不法活动&rdquo;的留言</p>\r\n\r\n<p>来自北京的网民&ldquo;Shuipopo&rdquo;(手机尾号7856)说：总理您好，个人身份信息被滥用这几年有愈演愈烈之势。个人身份证信息丢失后，失主补办了身份证，但前一个身份证还能继续使用，可能被不法分子利用进行犯罪活动，这给个人生活带来的负面影响是灾难性的。个人能做的努力太少，力量也太渺小，生活安全感缺失。真心希望国家能出台相关措施，建立全国统一的身份证信息核实平台，让政务办事人员在审核办事信息时，审查不再是形式，而是有责任地审查，保护个人权益不会因为无法控制的丢失问题受到困扰。谢谢！</p>\r\n\r\n<p>来自福建厦门的网民&ldquo;中国政府网网友080601&rdquo;(手机尾号8304)说：本人于2015年丢失身份证，当时已及时挂失并有公安局出示的遗失证明，今年发现丢失的身份证在2018年被盗用，在思明区市场监督管理局注册了公司，本人已于2月份申请撤销，并提交了公安局出示的身份证遗失声明及请求书。注册企业提供的材料签名笔迹与本人笔迹明显不同，被盗用事实清楚，市场监督管理局还要求提供笔迹鉴定。现已过半年多，仍未给出撤销处理，上述企业被列入异常名录，将影响本人征信。由于管理单位未尽到核实身份证的责任，导致盗用他人身份证也能注册企业，请求及时撤销相关企业，消除对本人的影响。</p>\r\n\r\n<p>来自浙江杭州的网民&ldquo;恳求身份证管理制度完善&rdquo;(手机尾号6686)说：女友的身份证与钱包被偷，不法分子利用身份证信息伪造户口本，重新办理身份证，进行骗婚。目前犯罪嫌疑人仍持有女友身份证逍遥法外，而女友的婚姻记录仍在，以后想结婚就是重婚罪了。现在已到安徽当地通过行政诉讼的方式起诉民政局请求确认婚姻无效，耗费许多的时间心力与财力。另外，女友去年12月份将人脸识别信息录入公安系统，而直到今年9月份银行的系统里女友身份证的人脸识别却仍然是别人的人脸识别信息。在此想提几点建议：1.二代身份证挂失之后立即失效或是被冻结，也就是&ldquo;挂失即废&rdquo;，避免被不法分子拿去做违法的事情。2.希望尽快实现公安身份证系统与婚姻登记、银行系统等联网，及时更新，进行人脸/指纹验证。3.户口本应设计防伪标识，不至于让工作人员难辨真假，让犯罪分子有机可乘。</p>\r\n\r\n<p>公安部回复(全文)：针对三位网民提出的&ldquo;进一步采取措施避免公民丢失的居民身份证被用于不法活动&rdquo;建议，我部提供如下答复口径，供参考：为防止丢失、被盗居民身份证被他人冒用，2016年10月，公安部建成失效居民身份证信息系统，汇集群众丢失被盗居民身份证信息以及换领新证后的原居民身份证信息，通过部门间信息共享与服务平台和全国人口信息社会应用平台，向社会相关用证部门和单位提供失效居民身份证信息核查服务，为防止居民身份证被冒用提供了又一重要的辅助核查手段。去年以来，人民银行已部署部分省市银行营业网点开展失效居民身份证信息核查比对试点工作，从试点情况来看，通过核查失效居民身份证信息系统，能够及时发现持证人所持证件是否失效，有效防止冒用他人证件办理银行业务，总体效果良好。</p>\r\n', '2019-12-23 19:50:56', '酷酷熊猫', 2, 1, 0, 0, NULL, 0);
INSERT INTO `t_news` VALUES (127, '藏官方宣布告别贫困', '<p>中新社拉萨12月23日电 (张伟)西藏官方23日称，2019年19个县(区)退出贫困县(区)，此前西藏自治区其他55个县(区)已经宣布退出了贫困县(区)，显示整个西藏全部74个县(区)实现脱贫。</p>\r\n\r\n<p><br />\r\n<img alt=\"\" src=\"userImage/47.jpg\" />\r\n西藏自治区脱贫攻坚指挥部的公告称，19个县(区)是在完成县(区)申请，地(市)审核，自治区实地考核和评估后，经西藏自治区扶贫开发工作领导小组审定，符合贫困县退出条件，12月9日，经西藏自治区政府研究批准退出贫困县(区)。</p>\r\n\r\n<p>昌都市贡觉县曾是全区44个深度贫困县(区)之一，记者采访获悉，经过4年努力，该县通过产业扶贫、健康扶贫、生态补偿脱贫、易地扶贫搬迁等方式，贫困发生率由41.79%降至0.08%以下，并通过第三方评估组验收，达到了贫困县摘帽标准。</p>\r\n\r\n<p>除了贡觉县，2019年计划脱贫摘帽的还包括日喀则市谢通门县、江孜县、萨迦县、萨嘎县、拉孜县、南木林县，昌都市八宿县、左贡县、芒康县、察雅县，那曲市色尼区、巴青县、尼玛县、双湖县、申扎县，阿里地区措勤县、改则县、革吉县等。</p>\r\n\r\n<p>由于自然条件和历史原因，西藏是中国贫困发生率最高、贫困程度最深、扶贫成本最高、脱贫难度最大的区域，是中国&ldquo;三区三州&rdquo;中唯一省级集中连片深度贫困地区。到2015年底，西藏的贫困发生率还高达25.32%。</p>\r\n\r\n<p>西藏官方指，自脱贫工作开展以来，中央政府在财政、金融、税收、资金、项目等方面给予优惠政策，各援藏省市大力援助，西藏各级政府通过精准识别、产业支撑、政策激励、援藏扶助、就业优先、社保兜底等举措，发力扶贫攻坚。(完)</p>\r\n', '2019-12-23 19:52:01', '酷酷熊猫', 2, 0, 0, 0, NULL, 0);
INSERT INTO `t_news` VALUES (128, '“九大增长点”揭示2020中国消费市场趋势', '<p><br />\r\n中新网上海12月20日电 (记者 李佳佳)2019第一财经数据盛典20日在上海举行。会上，CBNData联合超30余家数据源合作伙伴发布《2019中国互联网消费生态大数据报告》(下简称CBNData《报告》)，从大数据的视角切入，在中国大消费行业轰轰烈烈的创新趋势和各大企业谋求增长机会交织的节点，从移动互联网碎片化的消费场景中的三股核心&ldquo;流&rdquo;&mdash;&mdash;人流、流行、流量展开深度剖析，揭示2020中国消费市场&ldquo;九大增长点&rdquo;。</p>\r\n\r\n<p><br />\r\n&mdash;&mdash;下沉市场，是被低估的宝藏蓝海。阿里影业灯塔数据显示，观影正在四线及以下城市加速渗透；在影片题材上，喜剧片尤其受到喜爱。而在碎片化的闲暇时间，他们则以刷短视频、看直播为乐，同时CBNData《报告》显示，下沉市场人群发布视频数量占比高于其他用户规模占比，可见他们不仅爱看，更是一群热爱创作的人。此外，网红达人成为下沉市场人群接触潮流风向的窗口，&ldquo;网红&ldquo;同款在越是下沉的市场消费占比越高。此外，除了爱追&ldquo;网红&rdquo;之余，他们也善于打造&ldquo;网红&rdquo;。有越来越多下沉市场消费者利用短视频平台找到商机，打造出诸如以北下朱村、画虎村等&ldquo;网红村&rdquo;。</p>\r\n\r\n<p>&mdash;&mdash;Z世代，值得以心交心的高&ldquo;纯&rdquo;社群。消费上重&ldquo;颜值&rdquo;，但在交友这件事上更重视&ldquo;志同道合&rdquo;的Z世代，更乐意通过&ldquo;标签化&rdquo;自己的方式，实现网络端的陌生人交友。此外，Z世代也是一群热情洋溢的铲屎官，根据CBData《报告》显示，&ldquo;撸猫&rdquo;使他们着迷；同时他们还是&ldquo;云养宠&rdquo;的积极参与者以及视频内容的创作者。</p>\r\n\r\n<p><br />\r\n&mdash;&mdash;&ldquo;千禧&rdquo;爸妈，精益求精的理性&ldquo;娃控&rdquo;。CBNData《报告》显示，千禧一代爸妈的精细化育儿诉求，推动了更多线上&ldquo;婴童专用&rdquo;新兴产品的流行。在婴童消费上精益求精的同时，千禧一代家长还有着成熟、全面的风险管理意识。保险极客数据显示，近两年购买儿童保险的千禧一代爸妈人数比例及人均支出都在提升。从小带娃看世界，积极培养IT少年，千禧一代爸妈让你见识何谓赢在起跑线。CBNData《报告》显示，千禧一代家长中有近6成愿意带不满一岁的娃娃出游，真真是从&ldquo;小&rdquo;看世界。而开拓眼界之余，千禧一代爸妈也相当重视孩子的理数思维能力培养，少儿编程渐成热门。</p>\r\n\r\n<p><br />\r\n&mdash;&mdash;银发族，积极乐活的&ldquo;年轻态&rdquo;追随者。移动支付为生活带来多大便捷，就为不懂移动支付的人带来多大困扰，这便是&ldquo;慢半拍&rdquo;的银发族在互联网时代遇到的&ldquo;不友好&rdquo;，不过这样的情况正在改善。数据显示，短短四年间，银发族在网民中的人数占比从6.7%提升至13.6%；同时，线上银发消费者数量以整体1.6倍的速度增长，发展空间广阔。不论是广场舞还是老年大学，线下交友时&ldquo;面子工程&rdquo;不能怠慢，而口红及香水则是他们的两大美妆入门品类。值得一提的是，他们相对偏好花香、茶香型香水，其中芍药等淡香尤其获得偏爱。与此同时，线上社交的银发族也不在少数，数据显示，近一年抖音上的银发KOL人数增速超过400%。</p>\r\n\r\n<p>&mdash;&mdash;IP跨界，借势造势，借力焕新。据线上数据显示，近一年的跨界商品数量呈爆发式增长，较2018年翻了2.7倍，消费金额增速更是整体线上增速的8.5倍；同时跨界品类也越发多元，除主流的服饰鞋包外，美妆、文化用品、小家电、食品等品类作为后起之秀，增长迅猛。从品牌x品牌、品牌x设计师/KOL，到品牌xIP，在万物互联的时代，万物皆可跨界则成为品牌花式吸睛、强势焕新的万金油。以经典文化IP故宫宫廷文化为例，其与茶具品牌的跨界产品，融合了千里江山图的诗意及中国茶文化的禅意，相得益彰的同频互动，成功引发了消费者的情感共鸣，使他们欣然支付溢价。</p>\r\n\r\n<p>&mdash;&mdash;小需求，需求是支点，产品是杠杆。在单身经济的盛行之下，一个人吃饭不尴尬，但吃得体面、尽兴才是根本诉求。从速食品类来看，以自嗨锅为代表的即食火锅成为&ldquo;一人食&rdquo;场景下增长迅猛的新物种，速食火锅凭借着鲜活的产品视觉、丰富的味觉满足，吸引了众多年轻消费者。在&ldquo;健康生活&rdquo;与&ldquo;塑形美体&rdquo;的需求碰撞之下，代餐应运而生，而风靡全球的&ldquo;断糖&rdquo;概念则成为代餐品类值得把握的市场机会。以断糖代餐品牌超级零为例，其产品研发注重高效、便捷及美味，并使消费者在短期内切实见证产品效能，从而成为该行业的增长黑马。</p>\r\n\r\n<p>&mdash;&mdash;场景延伸，三维&ldquo;粘性&rdquo;锁死流量池。对于平台而言，如何获得持续性的流量&ldquo;活水&rdquo;，成为持续成长的关键，其本质是一场扩大用户需求密度的持久战，场景运营也因此成为核心。而场景运营的&ldquo;空间&rdquo;、&ldquo;时间&rdquo;、&ldquo;关系&rdquo;则成为&ldquo;占领&rdquo;用户心智的三大翘板。</p>\r\n\r\n<p>&mdash;&mdash;&ldquo;活性&rdquo;流量，提升流量效率，激发品牌势能。近几年，品牌借势明星和网红获取新流量已成为常态，但单纯借势只能实现一次性流量曝光，边际效应明显，所以最大化流量和明星的势能，提升流量效率是关键。其中品牌用户调性、渠道选择和内容输出是寻找更精准流量的三要素。以百草味为例，品牌在《长安十二时辰》热播时携手代言人易烊千玺打造演吃会IP内容，结合&ldquo;国风&rdquo;主题的6支&ldquo;十二食辰&rdquo;短视频，通过场景配合实现与产品的强关联，有效强化了品牌记忆，并有针对性地触及了品牌的目标年轻消费者。</p>\r\n\r\n<p><br />\r\n&mdash;&mdash;超级用户，得&ldquo;超级用户&rdquo;者，得天下。风头正盛的私域流量运营并不是所有品牌的最佳选择，而&ldquo;裂变&ldquo;也不是万能的，留存才能真正盘活流量池。更重要的是，品牌流量运营，需从&ldquo;流量思维&rdquo;到&ldquo;用户思维&rdquo;，盘活超级用户，借其影响力和传播力实现进一步的裂变与转化，扩大自身影响力。以宝洁为例，品牌的KOC即是他们的核心超级用户，早在2016年就开始品牌KOC深度运营，旨在让KOC对品牌产生较强的信任及归属感。借力KOC主动生产的高质内容，实现口碑传播，最终助力品牌精准营销。</p>\r\n', '2019-12-23 19:52:45', '酷酷熊猫', 3, 1, 0, 0, NULL, 0);
INSERT INTO `t_news` VALUES (129, '2020年不用房地产短期刺激经济', '<p><img alt=\"\" src=\"userImage/48.jpg\" /></p>\r\n\r\n<p>中新网客户端12月23日电(李金磊)12月23日，全国住房和城乡建设工作会议提出，2020年要着力稳地价稳房价稳预期，保持房地产市场平稳健康发展。长期坚持房子是用来住的、不是用来炒的定位，不把房地产作为短期刺激经济的手段，继续稳妥实施房地产市场平稳健康发展长效机制方案，着力建立和完善房地产调控的体制机制。</p>\r\n', '2019-12-23 19:53:29', '酷酷熊猫', 3, 0, 0, 1, '48.jpg', 0);
INSERT INTO `t_news` VALUES (130, '巴基斯坦前总理海口谈“一带一路”建设机遇', '<p>中新网海口12月23日电 (记者 张茜翼)&ldquo;我亲眼目睹&lsquo;一带一路&rsquo;倡议从构想一步步变成现实，越来越多的国家加入到&lsquo;一带一路&rsquo;建设中来。&rdquo;巴基斯坦前总理、博鳌亚洲论坛理事肖卡特&middot;阿齐兹22日下午在海南海口表示，&ldquo;一带一路&rdquo;倡议对于可持续发展是一个机会，当所有的利益相关方都在一个&ldquo;世界&rdquo;当中，相信它对全世界来说会成为&ldquo;游戏&rdquo;的改变者。</p>\r\n\r\n<p>当日下午，2019海南大学国际志愿者智库论坛暨&ldquo;海外看丝路丛书&rdquo;新书发布&middot;作者见面会在海口举行。《海外看丝路丛书》由孟子公益基金会邀请十多位全球领袖和社会精英编写，由石油工业出版社负责出版发行。肖卡特&middot;阿齐兹与WTO前总干事、泰国前副总理素帕猜&middot;巴尼巴滴携其最新编著的《海外看丝路丛书》首期，在此举行新书发布与作者见面会，畅谈&ldquo;一带一路&rdquo;建设的机遇和变化。</p>\r\n<img alt=\"\" src=\"userImage/49.jpg\" />\r\n<p><br />\r\n肖卡特&middot;阿齐兹称，&ldquo;一带一路&rdquo;倡议并不是为了单个人或国家的利益，而是为了全球的共同发展。过去几年，我们看到了&ldquo;一带一路&rdquo;建设带来的机遇。中国致力于与世界其他国家实现互联互通，发展各种经济合作关系。而这样的互联互通能开启新的贸易和合作机会，远不止在基础设施领域，还会扩展到其他领域，推动其他国家抓住发展机会。</p>\r\n<img alt=\"\" src=\"userImage/50.jpg\" />\r\n<p>肖卡特&middot;阿齐兹说，巴基斯坦是&ldquo;一带一路&rdquo;倡议的受益者，从中巴经济走廊的瓜达尔港已经看到回报。如今，港口在扩建，港口附近也在建设新的机场和相关服务业项目，这里已经成为巴基斯坦经济发展的枢纽，促进巴基斯坦与其他国家的互联互通，推动共同繁荣。在&ldquo;一带一路&rdquo;框架下，巴基斯坦未来还将在交通设施、通信网络等开展更多的项目合作。</p>\r\n<img alt=\"\" src=\"userImage/51.jpg\" />\r\n<p><br />\r\n在素帕猜&middot;巴尼巴滴看来，中国改革开放40多年来，经济社会快速发展，全球影响力正在不断增强，并带动周边国家的经济转型。他认为，在过去几十年中，全球秩序正在发生变化，每个国家面对的问题不能通过单边主义来解决，要联合起来实现稳定和发展，互相支持、相互帮助。&ldquo;一带一路&rdquo;倡议坚持多边主义，号召大家联合起来应对人类所面临的共同挑战，这一创新理念将为世界带来福利，应对&ldquo;一带一路&rdquo;倡议持积极态度。(完)</p>\r\n', '2019-12-23 19:54:28', '酷酷熊猫', 3, 1, 0, 0, NULL, 0);
INSERT INTO `t_news` VALUES (131, '工信部：预计2019年规模以上工业增加值增长5.6%左右', '<p>中新网客户端北京12月23日电 (记者 程春雨)12月23日，全国工业和信息化工作会议在北京召开。工信部预计，2019年全年，全国规模以上工业增加值增长5.6%左右，单位工业增加值能耗同比下降3%左右，软件和信息技术服务业收入增长15%，电信业务总量(上年不变价)增长20%，互联网行业收入增长20%。</p>\r\n\r\n<p>会议指出，今年以来，面对国内外风险挑战明显上升的复杂局面，全系统认真贯彻落实党中央、国务院决策部署，统筹推进稳增长、补短板、调结构、促融合、优环境各项工作，较好地完成全年目标任务。</p>\r\n\r\n<p>制造业发展质量稳步提升。去产能成果进一步巩固，一批落后产能依法依规退出。开展工业行业综合督查检查，长江经济带10省份完成70%的危险化学品生产企业搬迁改造任务。消费品工业&quot;三品&quot;专项行动扎实开展。启动先进制造业集群培育工作。制定完成49项强制性国家标准，全行业国际标准转化率达到80%。深入开展脱贫攻坚，全面完成定点扶贫任务。</p>\r\n\r\n<p>制造强国建设重点任务加快推进。继续实施制造业创新中心、智能制造、绿色制造等工程。5G手机芯片投入商用，存储器、柔性显示屏量产实现新突破。国际合作扎实开展，中俄宽体客机项目研制稳步推进，中法联合研制涡轴发动机取得型号合格证，金砖国家未来网络研究院中方分院在深圳成立。</p>\r\n\r\n<p>网络强国建设取得扎实进展。正式启动5G商用，全国开通5G基站12.6万个。超额完成网络提速降费年度任务，&quot;携号转网&quot;全国实行，IPv6基础设施全面就绪。扎实推进电信普遍服务试点。精心组织农村宽带网络专项整治。整治骚扰电话、清理&quot;黑宽带&quot;、打击&quot;黑广播&quot;&quot;伪基站&quot;和APP侵害用户行为等取得明显成效。</p>\r\n\r\n<p>两化深度融合明显加快。深入实施工业互联网创新发展战略，启动&quot;5G+工业互联网&quot;512工程。加快智能制造标准体系建设。推广服务型制造、共享制造等新业态新模式，探索人工智能&quot;揭榜挂帅&quot;机制，启动建设长三角工业互联网一体化发展示范区、人工智能和车联网先导区，大数据、区块链等创新应用日趋丰富。</p>\r\n\r\n<p>行业发展环境不断优化。推动实施更大规模减税降费，预计全年减税降费2.36万亿元，制造业及其相关环节在增值税减税规模中占比近70%，小微企业普惠性减税约2500亿元。推动出台促进中小企业健康发展的指导意见。扎实开展清欠行动，清欠金额预计超过6000亿元，圆满完成清偿一半以上的目标任务。行业法制建设力度加大。</p>\r\n\r\n<p>会议指出，我国发展仍处于重要战略机遇期，实现高质量发展具备不少得天独厚的优势。我们有全球最完整的产业体系和上中下游产业链，有超大规模的市场优势和内需潜力，有庞大的人力资本和人才资源，有具备较强竞争力的新型基础设施。(完)</p>\r\n', '2019-12-23 19:55:08', '酷酷熊猫', 3, 0, 0, 0, NULL, 0);
INSERT INTO `t_news` VALUES (132, '沪指半日跌0.47%失守3000点 ST板块逆市活跃', '<p>中新经纬客户端12月23日电 周一早盘，A股三大指数集体低开，随后冲高回落。芯片股集体走弱，券商股拉升带动指数探底回升，不过随后指数再度走弱。</p>\r\n\r\n<p>截至11：30，沪指跌0.47%，报收2990.71点；深成指跌0.51%，报收10177.22点；创业板指跌0.56%，报收1761.82点。</p>\r\n<img alt=\"\" src=\"userImage/52.jpg\" />\r\n<p><br />\r\n行业板块多数下跌，仅证券、电器仪表、工程机械、矿物制品上涨，半导体、传媒娱乐、IT设备、文教休闲、互联网跌幅靠前。</p>\r\n\r\n<p>概念板块同样多数飘绿，百度概念、胎压监测、数字货币、知识产权跌幅居前；ST板块、种业、地热能、草甘膦涨幅靠前。ST板块逆势上涨1.21%，个股掀涨停潮，*ST飞马、*ST九有、*ST高升等19个股涨停。</p>\r\n\r\n<p>个股方面，915只个股上涨，其中江特电机，航锦科技，英联股份等62只个股上涨幅度超过5%。2734只个股下跌，其中安控科技，生益科技，青松股份等102只个股下跌幅度超过5%。</p>\r\n\r\n<p>换手率方面，共有12只个股换手率超过20%，其中美联新材换手率最高，达66.08%。</p>\r\n\r\n<p>资金流向方面，行业板块主力流入前五名的是券商、光学光电子、计算机应用、半导体、化学制品，流出前五名的是券商、计算机应用、半导体、化学制品、光学光电子。位居主力流入前五位的个股是方正证券、美联新材、京东方A、TCL 集团、成都燃气，流出前五位的个股是方正证券、南京证券、万讯自控、星期六、成都燃气。排在主力流入前五位的概念题材是融资融券、转融券标的、MSCI概念、深股通、沪股通，流出前五位的概念题材是融资融券、转融券标的、MSCI概念、深股通、沪股通。</p>\r\n\r\n<p>截至上一交易日，上交所融资余额报5550.35亿元，较前一交易日减少12.74亿元，融券余额报106.99亿元，较前一交易日减少2.87亿元；深交所融资余额报4395.95亿元，较前一交易日减少9.77亿元，融券余额报28.26亿元，较前一交易日减少0.02亿元。两市融资融券余额合计10081.56亿元，较前一交易日减少25.39亿元。</p>\r\n\r\n<p>从沪深港通南北资金流向看，截至发稿，北向资金净流入7.06亿元，其中沪股通净流入4.85亿元，当日资金余额为515.15亿元，深股通净流入2.21亿元，当日资金余额为517.79亿元；南向资金净流入11.34亿元，其中沪港通净流入6.8亿元，当日资金余额为413.2亿元，深港通净流入4.54亿元，当日资金余额为415.46亿元。</p>\r\n\r\n<p>银河证券研报分析，当前A股市场估值虽较年初明显修复，但不存在较高风险，仍具备一定吸引力，综合多方因素，A股市场具备长期投资价值，中枢上移的趋势确定。短期A股或将持续处于震荡格局，上行动力不足且下行空间有限，建议优化中长期结构配置。另外，当前虽处于业绩空窗期，但需关注年报预告的情况，注意防范个股风险。</p>\r\n\r\n<p>中原证券认为，考虑到年底将至，市场各方均会保持较为谨慎的投资思路，在新的上涨趋势仍未明朗之前，持币观望，等待变局的出现可能是较为稳妥的应对方式。(中新经纬APP)</p>\r\n\r\n<p>(文中观点仅供参考，不构成投资建议，投资有风险，入市需谨慎。)</p>\r\n', '2019-12-23 19:55:52', '酷酷熊猫', 3, 1, 0, 0, NULL, 0);
INSERT INTO `t_news` VALUES (133, '兰州采用哈尔滨冰块发展“夜经济”', '<p>兰州采用哈尔滨冰块发展&ldquo;夜经济&rdquo; 游客站在西北看东北冰雪节</p>\r\n<img alt=\"\" src=\"userImage/53.jpg\" />\r\n<p>中新网兰州12月23日电 由哈尔滨冰雪大世界原班人马在甘肃兰州倾力打造的兰山冰雪旅游节21日开幕。冰雪城堡、兰州特色、十二生肖主题冰雕雪雕等美轮美奂，兰州城关区城投公司负责人康乾说，占地1600多亩的7大主题区域，给人一种站在大西北看大东北冰天雪地的盛况。</p>\r\n\r\n<p>首届兰山冰雪节活动由城关区城市发展投资有限公司主办，甘肃(城关区城投公司)金城阳光文化体育旅游投资发展有限公司、甘肃(城关区城投公司)思享嘉科技传媒有限公司、城关区城投公司兰山祥龙生态园承办，活动将持续到2020年2月15日，旨在助力&ldquo;精致兰州&rdquo;打造，发展兰州冬季&ldquo;夜经济&rdquo;。</p>\r\n\r\n<p>今年3月，兰州市印发《&ldquo;提升城市品质、打造精致兰州&rdquo;三年行动方案》，要求依托兰州山水之城地域优势，通过精致规划、精心建设、精细管理、精准服务，彰显兰州山水之美、风情之美、环境之美、人文之美的精致品质。</p>\r\n\r\n<p>康乾说，大兰山景区在夏秋两季的旅游旺季，是外地旅客和本地人必去的避暑胜地，但是到了冬春两季，由于天气寒冷，游客寥寥，在兰山举办冰雪旅游节，能有效弥补短板。</p>\r\n\r\n<p>活动举办地兰山祥龙生态园区内部划分为7大主题区域，更有大型山地彩影秀、火锅节和美食集市等多种特色活动，游客可以白天看雪嬉雪，晚上赏灯、观看激光水舞秀，同时享受贴心的吃住服务。为保证冰的纯度，兰州还特地从哈尔滨运冰打造了冰雕雪雕一百多个。</p>\r\n<img alt=\"\" src=\"userImage/54.jpg\" />\r\n<p><br />\r\n值得一看的是，灯光团队在生态园对面的牛家咀山将近600多亩地里设大型山地彩影秀，借助山体雪地作为彩影秀主体，给游客呈现一场精彩绝伦的彩影秀表演，提供沉浸式游览体验，给游客一个丰富多彩的冬季嘉年华。</p>\r\n\r\n<p>据康乾介绍，夜幕降临时，星光帐篷区是一个特别的亮点，它为年轻人提供了一个浪漫、有情怀的区域，一边是冰天雪地和浪漫灯光，一边是香辣带劲的火锅，可以和家人朋友一起夜宿度过一段难忘的团聚时光。</p>\r\n\r\n<p>甘肃方舟救援队队长曲波说，活动期间，在山上有紧急医疗点，救援队共6个小组，每个小组配4至6名的专业救援人员协助辅助的救援人员，救援队员全部携带基础救援设备，共同担负安全保障任务。(完)</p>\r\n', '2019-12-23 19:56:49', '酷酷熊猫', 3, 0, 0, 0, NULL, 0);
INSERT INTO `t_news` VALUES (134, '央行本周净投放6300亿元短期流动性缓解年末压力', '<p>新华社记者张千千</p>\r\n\r\n<p>中国人民银行20日以利率招标方式开展了1500亿元14天期限逆回购操作。这是央行连续第三天开展较大额度逆回购操作，三天内共计净投放6300亿元。专家表示，这一操作旨在满足年底资金需求，保证银行体系年底流动性总量合理充裕。</p>\r\n\r\n<p>在11月19日开展1200亿元逆回购操作后，央行于本月18日重启逆回购操作。同时，这也是央行9月27日后首次开展14天期限逆回购操作，并将中标利率下调5个基点至2.65%。</p>\r\n\r\n<p>对于利率下调这一行为，市场中有观点认为是央行&ldquo;降息&rdquo;的表现。对此，中信证券研究所副所长明明认为，本次重启14天期限逆回购操作并下调操作利率是跟随11月份7天期限逆回购利率降低5个基点的同步操作，维持央行逆回购操作利率期限利差15个基点空间稳定，而并非新一轮&ldquo;降息&rdquo;。</p>\r\n\r\n<p>交通银行金融研究中心表示，央行操作的期限特征表明央行&ldquo;呵护&rdquo;市场流动性稳健跨年的态度。近期公开市场主要的到期压力&mdash;&mdash;中期借贷便利(MLF)已在16日全额对冲并净投放140亿元。18日重启逆回购净投放2000亿元流动性的同时，降低跨年资金利率，很大程度上可以避免市场流动性年末出现结构性紧张。</p>\r\n\r\n<p>从市场资金面价格变动来看，尽管央行三日内共投放6300亿元的流动性，14天回购利率(DR014)和21天回购利率(DR021)下行幅度并不显著，DR014甚至仍继续上行。</p>\r\n\r\n<p>对此，明明认为，由于元旦即将来临、今年春节时间较往年更早，12月下旬整个市场对流动性的需求较高，因此即使央行大量投放短期流动性，在供需平衡上仍然是需求量更高一些。</p>\r\n\r\n<p>专家预测，未来两周预调微调市场短期波动的操作可能还会存在。年末央行灵活适度的调节，也可能旨在为2020年初配合专项债发行及其他宏观政策共同发力打基础。</p>\r\n', '2019-12-23 19:57:13', '酷酷熊猫', 3, 0, 0, 0, NULL, 0);
INSERT INTO `t_news` VALUES (135, '1900万！故宫年客流量创新高', '<p>本报讯(记者刘冕)1900万！故宫博物院年客流量再次刷新，首次突破1900万人次。<br />\r\n12月19日10时47分03秒，随着一位来自浙江省湖州市的杨姓观众从故宫午门检票入院，今年故宫博物院接待观众数量已突破1900万人次，这是故宫观众量首次突破1900万人次。<br />\r\n自2002年起，故宫博物院年客流量达700万人次，当时世界上年客流量最大的博物馆是卢浮宫，每年接待800万人次。之后10年，故宫年客流量猛增到1500万人次。故宫一跃成为世界上最聚人气儿的博物馆。<br />\r\n近年来，故宫博物院在观众总量逐年提升的情况下，通过扩大开放面积、提升院内展览数量和质量、&ldquo;每日8万人次限流&rdquo;和&ldquo;全部网络预售门票&rdquo;等措施，实现旺季平稳、淡季不淡，消除了超大客流的安全隐患，观众参观体验得到改善和提升。</p>\r\n', '2019-12-23 19:57:38', '酷酷熊猫', 4, 1, 0, 0, NULL, 0);
INSERT INTO `t_news` VALUES (136, '近600件红楼文物亮相国博 观众可点播36种版本《红楼梦》', '<p>&nbsp; &nbsp; 本报讯(记者刘冕)日前，一株200岁&ldquo;仙草&rdquo;携手近600件文物、文献和艺术品亮相国家博物馆，揭开&ldquo;隻立千古&mdash;&mdash;《红楼梦》文化展&rdquo;的面纱。在这个为期3个月的&ldquo;大观园&rdquo;里，观众可以点播36种不同版本的《红楼梦》作品。<br />\r\n展厅门口， &ldquo;宝玉&rdquo;和&ldquo;黛玉&rdquo;发布的两条朋友圈被制作成展板，空出配图区域，邀请观众入&ldquo;梦&rdquo;。第一件展品是一幅画&mdash;&mdash;改琦款《红楼梦》图册之《通灵宝石&middot;绛珠仙草》。改琦是清代著名画家，在曹雪芹去世后十年出生，彼时适逢《红楼梦》流行的时候。因此，他的作品很多取材于此书，所绘制的《红楼梦》中的人物画至今广为流传。此次展出的&ldquo;仙草&rdquo;就是改琦手笔，距今已有200多年。<br />\r\n随后，近600件展品分六部分讲述&ldquo;红楼梦&rdquo;。其中，第四部分&ldquo;广泛的文化传播&rdquo;为观众展现各种各样的《红楼梦》版本、续本及译本，其中许多版本首次公开露面。<br />\r\n展览没有平铺&ldquo;转述&rdquo;红楼梦，策展人巧思将&ldquo;亭台&rdquo;引入展厅，用精美的古代服饰表现&ldquo;十二钗&rdquo;的穿着，用几张红楼梦《升官图》讲出了大观园内的布局，素雅的扇面、剔透的宫灯，还有象牙诗酒令，一件件小说同时期的文物陈列在展柜中，配合不同的画作，给观众留下属于自己的&ldquo;造梦&rdquo;空间。<br />\r\n展厅还专门设置了&ldquo;现场点播&rdquo;环节，36种不同版本的《红楼梦》可供选择。其中包括1944年周璇主演的电影版、2017年美国旧金山歌剧院的歌剧版，还有1987年首播的电视版、越剧版、京剧版、京韵大鼓版等。</p>\r\n', '2019-12-23 19:57:56', '酷酷熊猫', 4, 1, 0, 0, NULL, 0);
INSERT INTO `t_news` VALUES (137, '人大师生赴宁海小山村开展“设计激发村民内生动力”研究', '<img alt=\"\" src=\"userImage/55.jpg\" /><p>&nbsp; &nbsp; &nbsp;&ldquo;我觉得艺术可以把村庄变得更美，让村民变得更幸福&rdquo;&ldquo;艺术让我萌发了把老屋变成酒吧的创意，乡村振兴就是既保护老屋又有钱赚&rdquo;&ldquo;通过艺术激发我们每个村民的创造力，用自己的双手建设自己的村庄&rdquo;&hellip;&hellip;前不久，浙江省宁海县葛家村10位乡村艺术家，走进中国人民大学艺术学院讲堂，用亲身经历为人大学子分享了他们对艺术振兴乡村的体会和理解。<br />\r\n乡村艺术家走上大学的讲台为大学生们&ldquo;授课&rdquo;？故事还要从今年4月说起。今年4月，中国人民大学艺术学院丛志强副教授和他的研究生赵宏伊、张振馨、张莉苑带着&ldquo;设计激发村民内生动力&rdquo;的研究目的走进宁海大佳何镇葛家村。于是，一场&ldquo;艺术试验&rdquo;就此展开。<br />\r\n时下，&ldquo;美丽乡村&rdquo;正在建设中，但在建设的过程中，避免不了有&ldquo;千村一面&rdquo;、投入大、成本高的现象，而且村民还时常&ldquo;不买账&rdquo;。如何让村庄从洁化、美化，向特色化、艺术化转变，既提升村庄品位，又激发村民主体意识，推动农村深层次的变革？ 人大师生一家家敲开村民的门，&ldquo;手把手&rdquo;教他们做工艺品，用最通俗易懂的语言，向他们介绍艺术设计的理念。数月之后，葛家村村民的观念发生了改变，创造力也逐渐被激发出来，葛家村从原先默默无闻的小山村变成全国闻名的&ldquo;网红村&rdquo;，也成为浙江省美丽乡村美育村(社区)试点单位，成为2020年度浙江省级美丽宜居示范村创建村。为了表达对中国人民大学、对艺术学院、对丛志强教授的感激和感恩之情，葛家村村民自发将村里的一条道路命名为&ldquo;教授路&rdquo;，还创作了《村里来了艺术家》《我们走在教授路上》等歌曲传唱。<br />\r\n&ldquo;现在不知道为什么，做玩具上瘾了，一吃完饭就想做玩具，别的什么都不想做，现在我老公也跟着做起毛竹一类的竹制品。&rdquo;村民袁小仙说，刚开始和其他村民一样，对中国人民大学丛教授等人怀有戒心。后来在丛教授和学生的指导下，完成了第一个布艺作品后，便像&ldquo;着了魔一样&rdquo;，一发不可收拾，早上卖完早点，空下来就思考做&ldquo;艺术品&rdquo;，有时做到凌晨两三点，两个多月时间，布艺十二生肖等四十个布艺作品横空出世，加上她老公的竹制品，如今，袁小仙的家，被命名为粉小仙手工艺馆，俨然成了毛绒玩具和竹编工艺品的展示厅、葛家村的网红打卡地。<br />\r\n一次艺术的激发，不仅让村庄大变样，也催发了基层工作理念的转变。党员干部不再大包大揽，而是引导村民根据每个村庄的资源特点，因地制宜打造美丽乡村。党员干部和村民一起就地取材，自己动手在村里修建美术馆、画院、手工艺馆、村庄公园、儿童乐园、休闲竹椅、凉亭等，既提升了村民对个体价值与乡土文化的自信，又提升了村庄的公共性与现代性。<br />\r\n村民葛万永的第一个代表作是桂语茶院。在丛教授等的指导下，他在自家院子的大桂花树下做了一个可以喝茶聊天的小茶坛，院子里还做了一个枯山水景观空间。&ldquo;参观的客人是来了一波又一波，全国各地的都有。&rdquo;葛万永自豪地说。后来，村里成立了7支艺工队，他作为其中一组的组长，带着组员打造了桂王院、玉兰院、四君子院等艺术共享空间。近日，他们受其他地方村庄邀请，上门帮忙设计和施工，每天的工钱超过400元。<br />\r\n葛品高，既是村干部，也是村里在外创业的乡贤。在葛家村二期艺术振兴乡村建设中，他看到自己家的老宅子多年未修复，下雨天外面下大雨里面下小雨，就萌生了改造老宅的想法。在和丛教授一番探讨后，初步商定改造成一个私人藏酒馆，取名为酒香别苑。后来，机缘巧合，葛品高的一个朋友在县城开酒吧，启发了他开乡间酒吧的想法。说干就干，老宅变身&ldquo;仙人掌&rdquo;酒吧，开业至今4个月，国庆节假日期间净收入上万元，平常每月也有六七千元收入，保住了老屋又可赚钱，一举两得。<br />\r\n&ldquo;葛家村村民的艺术成长是通过艺术和村民生产生活的融合，这是一条艺术振兴乡村的有益路径。&rdquo;中国人民大学党委副书记郑水泉说道。这也让村民在艺术振兴乡村里找到主角位置，激活村民内生动力，从而在振兴乡村这个系统工程中发挥大能量。</p>\r\n', '2019-12-23 19:59:11', '酷酷熊猫', 4, 2, 0, 0, NULL, 0);
INSERT INTO `t_news` VALUES (138, '潮州：“千年瓷都”的高质量转身', '<img alt=\"\" src=\"userImage/56.jpg\" />\r\n<p>观众在中国瓷都&mdash;&mdash;广东潮州陶瓷博览会上参观艺术瓷器展品。鲁 谷摄(中新社)</p>\r\n\r\n<p>&ldquo;在我的制陶工厂，关了灯照样生产。&rdquo;在潮州碧桂园旗下筑智陶科卫浴有限公司，碧桂园陶瓷实业部总经理林赤峰自豪地说。<br />\r\n千年的窑火，烧出了广东潮州灿烂的陶瓷文化。&ldquo;南国邦郡古八邑，海滨邹鲁今潮州。&rdquo;作为国家历史文化名城，潮州的陶瓷产业与潮州灿烂的陶瓷文化一脉相承。但现在，高质量发展转型的要求正在改变千年窑火的固有轨迹。<br />\r\n树立制造业高质量转型标杆<br />\r\n在人们心目中，陶瓷业总脱不了&ldquo;一把泥土一把汗&rdquo;的形象。但记者日前来到潮州，在碧桂园智能卫浴项目筑智陶科卫浴有限公司见到的一幕，却完全出乎记者意料：整条卫浴生产线部工序由机器人承担，从坯料的搅拌制备，到胚件制模、成型、施釉、装烧&hellip;&hellip;前段填进去的仅仅是成块的胚料，后端即是搭载智能设备排队等待包装。过去在人们眼中粉尘弥漫的陶瓷生产车间，在这里却一尘不染&mdash;&mdash;坯料制备、制模等环节都在密闭的空间，机器人在里面单独封闭式完成，一点尘土也不会溢出。<br />\r\n改革开放40年来，潮州依托深厚的文化底蕴、鲜明的产业特色，催生了一批知名品牌，潮州陶瓷便是其中最知名的产业集群。目前，有着&ldquo;中国瓷都&rdquo;之称的潮州，拥有陶瓷及其配套企业5000多家，年产值300多亿元；近5年，有价值超过100亿元的潮州陶瓷出口沙特阿拉伯、土耳其、泰国、印度尼西亚等54个&ldquo;一带一路&rdquo;沿线国家，潮州目前是我国最大的陶瓷产区和最大的出口地，陶瓷产业更是潮州经济发展的&ldquo;旗舰&rdquo;。<br />\r\n但进入新世纪以来，对于潮州陶瓷业而言，能耗高企、产品低端，遍地开花的竞争格局已越来越不适应市场竞争。<br />\r\n在潮州凤泉湖高新区，经过市场招标，近日碧桂园智能卫浴项目在此办理了第一期用地手续，碧桂园将在此地分三期投资100亿，建设智能卫浴产品的自动化、智能化的生产线，形成占地千亩的集研发、设计、生产和销售于一体的智能卫浴产品制造基地。这是迄今潮州投资额最大、最具技术含量的制造业项目之一。<br />\r\n&ldquo;碧桂园智能卫浴项目，是潮州推动制造业高质量发展的标杆项目。&rdquo;潮州市长殷昭举介绍说，该项目不仅为潮州陶瓷产业及各行各业树立了产品智能化、生产智能化样板，更对潮州制造业高质量发展的模式和理念树立了标杆；全球制造业正经历深刻变革，必须把握新一轮科技和产业革命机遇，推动制造业质量变革、效率变革、动力变革。<br />\r\n推动产业迈上新台阶</p>\r\n\r\n<p>&nbsp;</p>\r\n', '2019-12-23 20:00:59', '酷酷熊猫', 4, 0, 0, 0, NULL, 0);
INSERT INTO `t_news` VALUES (139, 'AI变身音乐创作的“得力助手”', '<p>&nbsp;你会创作AI曲目吗？<br />\r\n很长一段时间内，公众的思维里常会有一个想法，那就是人工智能等新技术在艺术创作领域很难发挥作用，因为艺术所需的创造力来源于人脑，需要非凡的感悟力和难以用算法描述的灵感。每一位艺术家眼中看到的世界各有不同，勾勒出的艺术世界更是千人千面。评价艺术作品的尺度依靠人的主观判断，由此也更难确定&ldquo;放之四海而皆准&rdquo;的定量指标。对于机器学习来说，这无疑有着极大难度。<br />\r\n《蓝色多瑙河》《悲怆奏鸣曲》《哥德堡变奏曲》&hellip;&hellip;一代代杰出的音乐家给世人带来极致的音乐享受，而机器真的可以依靠强大的计算能力来实现艺术创作和精妙表达吗？<br />\r\n现在，事实已经给出了答案。对于那些认为人工智能很难突破艺术创作壁垒的人来说，是时候再一次擦亮双眼，迎接新的震撼了。<br />\r\n创作出一支别具一格的AI曲目，究竟需要经历哪些繁杂过程？以深圳交响乐团演奏的全球首部AI交响变奏曲《我和我的祖国》为例，从团队决定以AI形式创作到正式演奏，4个月左右的时间内，团队搭建了包含歌曲库、创作规则库、歌词素材库、音乐评论库、人声声源库和乐器声源库在内的六大数据库，囊括了百万量级的作曲素材。其中70万余首乐曲被运用到这首AI交响变奏曲的创作中，以进行结构化训练，作品题材类别多样，将人工智能的学习能力发挥到极致。<br />\r\n个性化标签突出<br />\r\n<img alt=\"\" src=\"userImage/57.jpg\" /> 在知名乐评人王纪宴看来，这首AI创作的曲子清新自然，渲染出引人入胜的氛围。当《我和我的祖国》旋律飞扬，多种乐器共同响起，历史感与欢快昂扬的曲风交织，让人耳目一新。<br />\r\n通俗来说，&ldquo;不按套路出牌&rdquo;可以说是AI音乐的一大特点。在业内分析人士看来，若是由作曲家来创作，逻辑会更严谨，但人工智能依靠自己的独特思路，给听众带来&ldquo;意料之外&rdquo;的音乐体验。对于一种崭新的音乐创作方式来说，AI交响变奏曲《我和我的祖国》堪称一个新起点。<br />\r\n时间倒推，人工智能音乐并不是今天才有的新概念。早在2016年，索尼公司就曾开发出一款名为Flow Machines的软件，创作出一支具有披头士乐队风格的乐曲。去年，人工智能作曲家Aiva也曾发布过一张名为《艾娲》的中国音乐专辑，专辑名字灵感正是源于中国耳熟能详的女娲补天神话，Aiva同样是通过大量学习作曲家作品来实现自己的&ldquo;创作&rdquo;。<br />\r\n不久前，在杭州举行的第五届&ldquo;互联网+&rdquo;大学生创新创业大赛上，记者对一支关注人工智能音乐创作的参赛团队印象颇深。学生们应用人工智能技术，通过分析演唱者&ldquo;跑调&rdquo;的音乐轨迹，为其量身定做一支属于自己的歌曲。<br />\r\n有了AI助力，哪怕张嘴跑调，AI也能围绕着跑调歌声写出一支具备悦耳旋律搭配的&ldquo;新歌&rdquo;。想象一下，从娱乐的角度来说，这样的技术算得上是不少&ldquo;乐盲&rdquo;的&ldquo;福音&rdquo;。<br />\r\n机遇与挑战并存<br />\r\n人工智能创作音乐的独特之处显而易见，在未来，这种创作手段会为整个音乐界带来哪些影响？有人担心，这种创作方式是否会影响到传统音乐制作人的&ldquo;饭碗&rdquo;、带来新的挑战？<br />\r\n其实，这种担心为时尚早。AI音乐更多的是推动了音乐创作个性化变革，通过发挥自己不受拘束、天马行空的&ldquo;想象力&rdquo;，完全取材于海量歌曲，AI音乐创作自出生之日起，便有&ldquo;个性化&rdquo;的先天优势，与此同时也可以解决一些曲调抄袭的问题。在背后，提供海量素材来让AI学习的都是人，人工智能可以发挥作用的核心因素也是人。至少在现阶段，过分担心&ldquo;饭碗&rdquo;并无必要。<br />\r\n值得注意的是，AI创造音乐实质上赋予了更多普通民众成为音乐创作者的能力，AI通过算法学习和&ldquo;实战&rdquo;训练来学习如何写歌，非音乐工作者也可以借助这种技术创作出属于自己独一无二的曲子，这些都是不难实现的。<br />\r\n当然，对于AI音乐的警惕，与其它领域关于人工智能过度模仿的担忧大致相同。一方面，AI程序构建上容易受个人偏见左右；另一方面，如果极度复杂的算法被滥用在其它领域，AI到底会做出怎样的决策？<br />\r\n立足音乐创作的角度，AI音乐创作的确能弥补一些人类创作的不足，不妨将其发展为&ldquo;得力助手&rdquo;，但要紧绷&ldquo;不滥用&rdquo;这根弦。毕竟，技术的开关尚在我们手中，如何用好还得看人类自己。</p>\r\n', '2019-12-23 20:01:43', '酷酷熊猫', 4, 0, 0, 1, '57.jpg', 0);
INSERT INTO `t_news` VALUES (140, '支付宝方面称，今年在天猫双11上，将会有6个本地版“支付宝”加入', '<p>在支付通路上方面，泰国TrueMoney 、印尼DANA、马来西亚TnGD、菲律宾GCash、孟加拉国bKash、巴基斯坦Easypaisa将加入本次天猫双11。<br />\r\n支付宝数据称，目前在全球已经有9个服务当地人的本地版本的&ldquo;支付宝&rdquo;。截至2019年6月，支付宝及其这些本地合作伙伴一起，已经服务到全球超12亿用户。</p>\r\n', '2019-12-23 20:04:16', '酷酷熊猫', 5, 0, 0, 0, 'null', 0);
INSERT INTO `t_news` VALUES (141, '蔚来汽车再裁1000人 还能找到未来吗？', '<p>北京时间9月25日消息，在周二发布了严重亏损的第二季度财报后，中国电动汽车制造商蔚来汽车宣布再次裁员1000人。这为蔚来汽车的未来又增添了一丝不确定性。<br />\r\n蔚来汽车的新一轮重组将在第三季度末之前进行。这家上海创业公司已经将员工总量从1月份的9100人降低到了8月份的8800人左右，并关闭了硅谷的一个办事处。<br />\r\n蔚来汽车还取消了原定于周二举行的财报电话会议，该公司表示季报已充分涵盖目前需披露的信息(已改到今晚)。蔚来汽车第二季度净亏损32.9亿元(人民币，下同)(约合4.78亿美元)，差于预期，同比扩大83.1%，环比扩大25.2%;营收从第一季度的16.3亿元减少到15.1亿元，总汽车交付量下滑10%至3553辆。<br />\r\n受此影响，蔚来汽车股价在周二早盘交易中一度大跌逾25%，最终收盘时大跌20%。蔚来汽车市值自上市以来已经缩水近80%。</p>\r\n', '2019-12-23 20:04:42', '酷酷熊猫', 5, 0, 0, 0, NULL, 0);
INSERT INTO `t_news` VALUES (142, 'Twitter第三季度净利润3700万美元 同比下降95.6%', '<p>&nbsp; &nbsp;Twitter发布2019年第三季度财报显示，其该季度用营收为8.24亿美元，同比增长9%。净利润为3700万美元，而去年同期为7.89亿美元,同比下滑95.6%。<br />\r\n财报显示，Twitter第三季度每股摊薄收益为0.05美元，去年同期的每股摊薄收益为1.02美元。不按照美国通用会计准则，Twitter第三季度每股收益为0.17美元，去年同期每股收益为0.21美元。运营数据方面，Twitter该季度可货币化日活跃用户数量为1.45亿，高于去年同期的1.24亿。<br />\r\n对此，Twitter CEOJack Dorsey表示：&ldquo;在持续产品改进的推动下，我们推动了mDAU的强劲增长，同比涨幅达到了17%。我们仍在继续提高内容相关性，同时测试各种方法，让人们更容易在Twitter上找到他们想要的东西。此外，我们还在内容健康方面继续取得进展，提高了我们主动识别和删除不良内容的能力，在没有旁观者或第一人称报告的情况下，我们在第三季度删除了超过50%的不良内容推文。&rdquo;<br />\r\nTwitter CFO内德&middot;西格尔(Ned Segal)表示：&ldquo;尽管面临挑战，但本季度验证了我们投资推动长期增长的战略。当然，要提供能够更好创收的产品，我们仍有许多工作要做。我们将继续优先考虑我们的广告产品，以及内容健康和我们的投资，以推动mDAU的持续增长。我们仍然相信，专注于我们最重要的优先事项，并提供更高性能和更好的广告形式，将在未来几年为我们所有的利益相关者提供更好的结果。&rdquo;<br />\r\nTwitter预计，其第四季度总营收将达到9.40亿美元至10.1亿美元，运营利润将达到1.30亿美元至1.70亿美元。</p>\r\n', '2019-12-23 20:05:01', '酷酷熊猫', 5, 0, 0, 0, NULL, 0);
INSERT INTO `t_news` VALUES (143, 'Facebook面临数据交易的刑事调查 已有手机厂商被传唤', '<p>据《纽约时报》报道，美国联邦检察官正在对Facebook与大型科技公司进行的数据交易进行刑事调查。最新进展是，纽约的一个大陪审团已经传唤了&ldquo;至少两家&rdquo;制造智能手机的大公司。<br />\r\n这些公司与Facebook达成交易，无需用户同意即可访问用户的手机数据，如朋友列表和联系人信息。<br />\r\n去年6月，《纽约时报》首次报道了Facebook与苹果、三星和黑莓等手机制造商共享用户数据的交易消息。这些数据交易其目的是为了帮助Facebook旗下的各类App，允许人们在其他公司的平台上访问他们的Facebook帐户或特定的Facebook功能。作为交换，平台提供商获得了使这些功能起作用所必需的用户数据。<br />\r\n这些交易现在大多都已停止。Facebook曾 在去年12月的一份报告中，对这些交易进行了辩护，并指出这些数据是为了向用户提供特定功能而不是为广告商提供的。<br />\r\n去年4月份，Facebook曝出剑桥分析数据泄露丑闻，有超过8700万Facebook用户信息被盗用。此后，Facebook已连续数月接受联邦贸易委员会的调查。据报道，由于丑闻和随后发生的数据泄露，Facebook可能会面临数十亿美元的罚款。<br />\r\n而就在上周，Facebook首席执行官马克-扎克伯格宣布，该公司将转向隐私优先模式</p>\r\n', '2019-12-23 20:05:17', '酷酷熊猫', 5, 0, 0, 0, NULL, 0);
INSERT INTO `t_news` VALUES (144, '小桔车服升级租车业务 滴滴APP上线“小桔租车”', '<div>3月28日，滴滴旗下小桔车服宣布原汽车运营中心、分时租赁事业部、新零售FT整合并升级为小桔租车业务，任命小桔车服副总经理杨峻为小桔租车业务总经理。同时，滴滴出行APP上线&ldquo;小桔租车&rdquo;，在原有分时租赁业务的基础上，扩展短租服务，原滴滴共享汽车也随之升级并更名为小桔租车。</div>\r\n\r\n<div>此前，杭州、宁波、西安、淄博和泉州五个城市已上线分时租赁服务，小桔租车升级上线后，将为用户提供使用周期更长的短租服务。据介绍，首个短租业务已在杭州落地，其余城市的短租服务将陆续上线。用户可以通过滴滴出行APP的&ldquo;小桔租车&rdquo;入口下单使用租车服务。</div>\r\n<img alt=\"\" src=\"userImage/58.jpg\" />\r\n<div>共享汽车采用随时取还的模式，但短租服务需要提前2小时预约，用户无需门店排队，可以自由选择附近的停车网点进行取还车操作。无论新能源车型还是燃油车型，都不需要在还车时加油或充电。此外，租车车型也更为丰富，用户拥有更多选择。</div>\r\n\r\n<div>　　小桔车服总经理陈汀表示，&ldquo;小桔车服的使命是改变持有和使用车辆的方式，愿景是实现租车比买车更便宜、更灵活、更省心。小桔租车的更名升级也意味着租车板块将成为小桔车服的发展主线，聚焦主业，通过连接赋能外部合作伙伴，提升资产运营效率，为用户降低车辆生命周期成本，成为极致效率的长短租一站式开放平台。&rdquo;</div>\r\n<img alt=\"\" src=\"userImage/59.jpg\" />\r\n<div>　　作为一站式汽车服务平台，小桔车服除了租车作为主线之外，也已构建了加油、维保、充电、车险、救援等服务体系。</div>\r\n', '2019-12-23 20:06:26', '酷酷熊猫', 5, 1, 0, 0, NULL, 0);
INSERT INTO `t_news` VALUES (145, '爬虫入门教程', '<p>很想做一些爬虫的基础性的教程，来与大家共同分享我的一些小经验， 我将以我认为的方式为大家讲解网络爬虫，如果你没有编程基础，对网络爬虫有兴趣，开始可能稍微有一些小难度，不过我希望能给你带来一些帮助。对我来说同样也是相互学习。。</p>\r\n\r\n<p>工具 ： 1 大家需要在电脑上安装Python3.x版本&nbsp; 我们以Python3 为例子讲解。安装方式百度一下按照步骤做就可以，安&nbsp; &nbsp; &nbsp; &nbsp; &nbsp; &nbsp; &nbsp; &nbsp; &nbsp; &nbsp; &nbsp; &nbsp; &nbsp; &nbsp; 装时候遇到的问题也可以百度的到，你遇到的这些问题小白都遇到过，特别的正常</p>\r\n\r\n<p>&nbsp; &nbsp; &nbsp; &nbsp; &nbsp; &nbsp; 2 关于IDE(集成开发环境)的选择 我建议大家使用pycham&nbsp; &nbsp;至于什么是IDE。就是我们写代码的地方，它提供了&nbsp; 代码高&nbsp; &nbsp; &nbsp; &nbsp; &nbsp; &nbsp; &nbsp; &nbsp; &nbsp; &nbsp;亮，代码报错，代码的搜索等等非常方便的功能。</p>\r\n\r\n<p>&nbsp; &nbsp; &nbsp; &nbsp; &nbsp; &nbsp; 3&nbsp; 我用的操作系统是liunx ,大家可以使用windows</p>\r\n\r\n<p>&nbsp; &nbsp; &nbsp; &nbsp; &nbsp; &nbsp; 4&nbsp; 你可能用的是IE浏览器 ，看到这里我希望你能安装chrome 或者火狐浏览器</p>\r\n\r\n<p>本套教程主要用的编程语言是Python&nbsp;&nbsp;</p>\r\n\r\n<p>第一节 认识网络爬虫</p>\r\n\r\n<p>本节我主要是带领大家了解认识网络爬虫</p>\r\n\r\n<p>什么是网络爬虫？<br />\r\n网络爬虫</p>\r\n\r\n<p>除了百度百科所讲，通俗来讲，我平时浏览的页面大都是HTML页面，包括我们平时浏览的新闻，门户网站等都是将文字内容镶嵌在HTML代码中的，比如腾讯新闻的这篇文章：</p>\r\n\r\n<p>&nbsp;</p>\r\n\r\n<p><img alt=\"\" src=\"userImage/60.jpg\" /></p>\r\n\r\n<p>&nbsp;</p>\r\n\r\n<p>爬虫要做的可以简单理解为利 用程序来获取我们需要的网络上的内容，包括文字，视频，图片等信息 称之为&nbsp; &nbsp;数据。</p>\r\n\r\n<p>你可能会说 真low 老子分分钟复制粘贴好几篇，辣鸡---##---。您说的有道理但是，你想如果是10w篇呢，甚至100w呢，你还分分钟复制粘贴吗，程序可以做到将这写数据下载下来或者是保存到数据库中这些---------&nbsp;</p>\r\n\r\n<p>为什么要做网络爬虫？<br />\r\n数据&nbsp; 你感觉重要不重要？&nbsp; &quot;大数据时代&quot;，获取数据方式有哪些？&nbsp;</p>\r\n\r\n<p>企业产生的数据：百度搜索指数、腾讯公司业绩数据、阿里巴巴集团财务及运营数据、新浪微博微指数等...</p>\r\n\r\n<p>数据平台购买数据：数据堂、国云数据市场、贵阳大数据交易所 等等</p>\r\n\r\n<p>&nbsp;</p>\r\n\r\n<p>爬取网络数据：如果数据市场上没有需要的数据，或者价格太高不愿意购买，那么可以利用爬虫技术，抓取网站上的数据。</p>\r\n\r\n<p>&nbsp;</p>\r\n\r\n<p>我们对于爬虫其实我们经常与它打交道，百度 谷歌，雅虎，等就是大爬虫， 他们有个响当当的名字------搜索引擎</p>\r\n\r\n<p>搜索引擎可以说是爬虫的至高境界---&nbsp; 你修炼到这个境界今年是不可能了，当然明年也不肯可能。</p>\r\n\r\n<p>你可能要问了，那百度为什么搜索的时候搜不到数据，都是官网，打开才可以进去，像搜索引擎不会像个人写的爬虫程序一样无脑，因为他们要遵循一个 协议： 如标注为nofollow的链接，或者是Robots协议。</p>\r\n\r\n<p>这些协议注明了那些页面是爬虫可以访问的，哪些是不可以访问的。如：</p>\r\n\r\n<p>&nbsp;</p>\r\n\r\n<p>淘宝网：https://www.taobao.com/robots.txt</p>\r\n\r\n<p>腾讯网： http://www.qq.com/robots.txt</p>\r\n\r\n<p>&nbsp;</p>\r\n\r\n<p>搜索引擎通过爬虫爬取到的网页，将数据存入原始页面数据库。其中的页面数据与用户浏览器得到的HTML是完全一样的。</p>\r\n\r\n<p>搜索引擎蜘蛛在抓取页面时，也做一定的重复内容检测，一旦遇到访问权重很低的网站上有大量抄袭、采集或者复制的内容，很可能就不再爬行。</p>\r\n\r\n<p>别激动 我们做的是小爬虫，也称聚焦爬虫，即你想爬哪些数据，找到网址，分析规则然后写程序取抓取数据，当然不同网站的难易程度是不一样的。</p>\r\n\r\n<p>&nbsp;</p>\r\n\r\n<p>首先你要知道 当你点击一下百度，发生了什么，能把你想要的数据返回到你的电脑屏幕上</p>\r\n\r\n<p>简单来说这段过程发生了以下四个步骤：</p>\r\n\r\n<p>浏览器通过 DNS服务器 查找域名对应的 IP地址;</p>\r\n\r\n<p>向 IP地址 对应的 Web服务器 发送请求;</p>\r\n\r\n<p>Web服务器 响应请求，发回 HTML页面;</p>\r\n\r\n<p>浏览器解析 HTML内容，并显示出来。</p>\r\n\r\n<p>HTTP和HTTPS<br />\r\nHTTP协议（HyperText Transfer Protocol，超文本传输协议）：是一种发布和接收 HTML页面的方法。</p>\r\n\r\n<p>HTTPS（Hypertext Transfer Protocol over Secure Socket Layer）简单讲是HTTP的安全版，在HTTP下加入SSL层。</p>\r\n\r\n<p>SSL（Secure Sockets Layer 安全套接层）主要用于Web的安全传输协议，在传输层对网络连接进行加密，保障在Internet上数据传输的安全。</p>\r\n\r\n<p>HTTP的端口号为80，<br />\r\nHTTPS的端口号为443<br />\r\nHTTP工作原理</p>\r\n\r\n<p>网络爬虫抓取过程可以理解为模拟浏览器操作的过程。</p>\r\n\r\n<p>浏览器的主要功能是向服务器发出请求，在浏览器窗口中展示您选择的网络资源，HTTP是一套计算机通过网络进行通信的规则</p>\r\n\r\n<p>&nbsp;</p>\r\n\r\n<p>浏览器发送HTTP请求的过程：<br />\r\n当用户在浏览器的地址栏中输入一个URL地址并按回车键之后，浏览器会向HTTP服务器发送HTTP请求。&nbsp; HTTP请求主要分为 Get 和 Post 两种方法。</p>\r\n\r\n<p>当我们在浏览器输入URL http://www.baidu.com 的时候，浏览器发送一个Request请求去获取 http://www.baidu.com 的html文件，服务器把Response文件对象发送回给浏览器。</p>\r\n\r\n<p>浏览器分析Response中的 HTML，发现其中引用了很多其他文件，比如Images文件，CSS文件，JS文件。 浏览器会自动再次发送Request去获取图片，CSS文件，或者JS文件等。</p>\r\n\r\n<p>当所有的文件都下载成功后，网页会根据HTML语法结构，完整的显示出来了。</p>\r\n\r\n<p>&nbsp; &nbsp; &nbsp; &nbsp; URL（Uniform / Universal Resource Locator的缩写）：统一资源定位符，是用于完整地描述Internet上</p>\r\n\r\n<p>HTTP请求主要分为Get和Post两类：<br />\r\nGET是从服务器上获取指定页面信息，POST是向服务器提交数据并获取页面信息。</p>\r\n\r\n<p>GET请求参数都显示在URL上，服务器根据该请求所包含URL中的参数来产生响应内容。 &quot;Get&quot; 请求的参数 是URL的一部分。</p>\r\n\r\n<p>POST请求参数在请求体当中，消息长度没有限制而且以隐式的方式进行发送，通常用来向HTTP服务器提交量比较大的数据（比如请求中包含许多参数或者文件上传操作等）。 &quot;POST&quot;请求的参数 不在URL中，而在请求体中。</p>\r\n\r\n<p>get请求的参数都在网址里面包含，所以我们有时候看到一个网址特别长，后边带了一坨东西。post请求一般是用于表单提交，将账号密码以post的方式发送。</p>\r\n\r\n<p>当你任意点开客户端与服务期的一次信息交互，你会看到它访问客户端携带的参数也就是头部信息：request headers （常用） 以及客户端的回应response headers</p>\r\n\r\n<p>&nbsp;</p>\r\n\r\n<p>&nbsp;</p>\r\n\r\n<p>&nbsp;</p>\r\n\r\n<p>&nbsp;</p>\r\n\r\n<p><img alt=\"\" src=\"userImage/61.jpg\" /></p>\r\n\r\n<p>前边说过了，我们鼠标每点击一次，就是对服务器发送了一次请求，等待服务器给你响应</p>\r\n\r\n<p>当我们打开一个网页，右键点击选择查看源代码是可以查看源代码的，点击审查元素 和检查元素，就可以对客户端与服务器之间的信息交流进行查看如图：</p>\r\n\r\n<p>第一个箭头指向的位置&nbsp; &mdash;点击一下，然后点击文章相应位置，它会指向代码中内容的位置，可以帮助我们查看数据在网页中的结构和位置</p>\r\n\r\n<p>第二给箭头是网络&nbsp; &mdash; 点击network ,重新刷新页面，你会看到客户端和服务器之间的数据来往，也是我们今后用的最多的</p>\r\n\r\n<p>第三个箭头 是&nbsp; &nbsp;&mdash;all是所有的数据来往，xhr一般ajax加载的数据会在这里面找到，js是js的一些请求，里面也有我们要的数据，少数</p>\r\n\r\n<p>下边方框里面&nbsp; 分别是 name&nbsp; status(状态码)&nbsp; type&nbsp; size&nbsp; 等&nbsp; &nbsp; &nbsp;了解一下即可，状态&nbsp; 200是正常，其他异常状态码可以百度，size点击可以按大小排列 这个后边还是挺方便的</p>\r\n\r\n<p>&nbsp;</p>\r\n\r\n<p><img alt=\"\" src=\"userImage/62.jpg\" /></p>\r\n', '2019-12-24 19:58:16', '酷酷熊猫', 6, 8, 1, 0, 'null', 1);

-- ----------------------------
-- Table structure for t_newstype
-- ----------------------------
DROP TABLE IF EXISTS `t_newstype`;
CREATE TABLE `t_newstype`  (
  `newsTypeId` int(11) NOT NULL AUTO_INCREMENT,
  `typeName` varchar(20) CHARACTER SET utf8 COLLATE utf8_general_ci NULL DEFAULT NULL,
  PRIMARY KEY (`newsTypeId`) USING BTREE
) ENGINE = InnoDB AUTO_INCREMENT = 7 CHARACTER SET = utf8 COLLATE = utf8_general_ci ROW_FORMAT = Dynamic;

-- ----------------------------
-- Records of t_newstype
-- ----------------------------
INSERT INTO `t_newstype` VALUES (1, '娱乐新闻');
INSERT INTO `t_newstype` VALUES (2, '政治新闻');
INSERT INTO `t_newstype` VALUES (3, '经济新闻');
INSERT INTO `t_newstype` VALUES (4, '文化新闻');
INSERT INTO `t_newstype` VALUES (5, '小道新闻');
INSERT INTO `t_newstype` VALUES (6, '酷酷熊猫新闻');

-- ----------------------------
-- Table structure for t_user
-- ----------------------------
DROP TABLE IF EXISTS `t_user`;
CREATE TABLE `t_user`  (
  `userId` int(11) NOT NULL AUTO_INCREMENT,
  `userName` varchar(20) CHARACTER SET utf8 COLLATE utf8_general_ci NULL DEFAULT NULL,
  `password` varchar(20) CHARACTER SET utf8 COLLATE utf8_general_ci NULL DEFAULT NULL,
  PRIMARY KEY (`userId`) USING BTREE
) ENGINE = InnoDB AUTO_INCREMENT = 2 CHARACTER SET = utf8 COLLATE = utf8_general_ci ROW_FORMAT = Dynamic;

-- ----------------------------
-- Records of t_user
-- ----------------------------
INSERT INTO `t_user` VALUES (1, 'admin', 'admin');

SET FOREIGN_KEY_CHECKS = 1;
